Username,Count
Tomharris3252356,14577
TealTurkeys,9453
TheGayTaker,8080
_FoxyLGBTQIA,8078
JamesMinecraft,7462
bigasssoup,7269
TheInfectedMug,7226
izsokok,6864
robbeff,6690
halzywow,6432
Greninjablade,6394
TheGayDealer,5979
Oogim,5972
Dartzy_,5729
FaZe_FroppyMug,5526
qMetro,5481
TechnoTheKing,5417
rowan111,5402
Darknyes,5400
DaniVersy,5199
0MN1G0D,5112
Mets_,5091
rnqueerball123,5064
Arturix1226,4802
chaoscrafting_,4796
PantherPikachu,4780
KevinWhoO,4481
xNotCool,4445
Limedd,4401
Lionthenoob_,4349
Jorifij,4172
RetoBeat,4140
sdiuqs,4064
CandiiFlozz,4006
MutantSabretooth,3945
Mikeyninja10,3874
Pearlzo,3820
NoRealNames,3803
iiWawa,3668
crytai,3640
ILoveBuddyTheBot,3629
Kiqsk,3609
accappy,3602
MANONFIRE888,3561
_GreenRCDriver_,3525
Dillos,3474
WhoDaddy,3454
KingDixie,3431
Clwnyy,3363
oBatley,3315
cPanderr,3304
Kebabuz,3274
Abas_mti,3254
cFelix,3178
MrBebb,3151
BuddyTheBot,3139
Capt_0_Yungsoupy,3077
Christory,3066
Nitroplasma,3037
91919191919,3017
oSzabi,3012
PinkPresents,3007
Malvare_,2946
AmirTheGamer10,2902
OmniBoundless,2885
Protatt,2860
F1rePhoenix_,2843
TNTDEM0N,2809
SummerNature,2749
MattyBs,2742
expellY,2731
Seditionist,2636
Duckoes,2590
Brte,2576
cDylxn,2559
beebuilding,2522
LGBTQI,2491
andantet,2478
renshie1,2456
VNLB_,2437
joechris44,2406
Sana_ol,2400
f0xythebest,2363
fanojuyg,2332
XVRMORPHIUS,2303
blueestars,2288
Cbop777,2278
CdogThePro,2256
Scaly__,2255
Hentreeb,2253
AlligatorBoots,2251
jntninja,2246
EGCGlow,2224
qhrisxy,2209
TeapoLive,2202
RnsoccerIsTrans,2184
itaitaitay,2167
ImASewerRat,2156
OceanSeas,2155
_MiniPika_,2138
Vanhus1,2103
Naty1s8472,2099
XVRBEDINSPECTOR,2023
TechnoIsPog,2006
XVRGEORGEGUY,2005
FiremanRD,1985
AJollyG676,1966
Skoma80,1963
Lizariam,1945
Skullad,1924
DeeperMC,1921
MysticKoko,1898
AlienSearcherFBI,1838
alandjlfc,1832
IsaiahIsHim,1826
itsgg,1814
_Blocks,1804
L0staresMeowUwU,1776
wellzfargo,1759
FestivePicks_L,1747
MattySPr3d,1745
Nature_Scientist,1740
itithy,1722
TheCaty_,1720
Indiglore,1711
theonlymoyai,1695
SantaMonger,1680
Iamveryverylost,1679
Apoppink,1676
FaisMC,1655
OTTIDERC,1641
Talci,1600
FrostyKami,1590
FaZe_AsherJRD,1560
Archipies,1546
MagicMarc,1545
_Kreesh_,1526
Justacupid,1526
FaZe_Joekr,1503
Void_Energy,1485
Splashy_live,1479
RedCapped101,1472
Poieon,1458
_TacoMC_,1452
EvilAlex_,1421
ChromaLive,1406
AdamBul,1401
tuscudero7456,1396
TheLagGaming,1384
Bosspl12,1380
gihc,1374
banterlion,1373
stvbbs,1372
oGracie,1361
BeevP,1359
thomblue,1348
VelvetAshes,1347
AstroBower,1347
Coxst_,1339
Lizzie543,1338
milo_wh,1329
BountyBoy226,1327
Dr01dy_,1326
Xdkill,1298
HelpMeImOnFire,1293
0ptionalLabor,1286
DJHusky21,1283
bloury,1278
EPrinceE,1259
straightpain,1256
Adztel,1253
Painvsz,1250
BigDEALFAMILY,1248
ScarIsBad,1246
PlateofRavioli,1229
BMH_,1219
NotEntity,1207
LukeEDude123,1201
Delano_XD,1188
Big_BOI8849,1184
BadKxrma,1182
_InsertHere_,1163
WhoMadeThisAcc,1161
Unacceptableness,1155
TheDarkGuy_,1142
Shad0wy_,1139
ImNotTechnoblade,1127
redpanda1978,1111
McDonalds_Pizza,1105
LogyBanana,1105
Semibruv,1105
EMPIRE_KRS,1080
Smqshy,1077
Stichea,1075
Kasra737,1066
GrumGaming,1052
Sadluxxer,1050
Chelbyotterslals,1033
Just_Pinky_,1025
ItsJustKrusty,996
Kudlez_,995
Evictable,988
priceycelery,986
Fe4thers,986
Infinity6000,984
MRJGAMERX01,978
PepsiTrain26,977
Bacondogs7,976
Pauxilian_X,967
Trickinator_,966
_MiniCarlos_,953
Frogzss,946
KubaBabilon,942
_MixTrix,941
enderpro,934
Tyfraud,933
Gragg05,930
ScytherLy,928
DigitalCircPomni,927
DippiDab,926
RyanIsHere101,922
Akoumora,919
GeneralSheep_,914
yMaxy,913
Turxe,903
Yasamas,898
LiterallyJynx,892
moonybea,883
xAntH0s_,882
ImXay,876
Kocaka,873
sydowen,870
rAnble_,869
Konstellationss,869
Crungie,861
Alarvic,851
LoganTime,843
5leepy_b0i,843
IInvex,836
Bluejuice4,836
TNT_Miners,834
Mxdel,818
5kiv,815
hasawii,808
CoolestGreen,799
AustinGamer8889,794
K4VANAGH,790
Harebear_31,773
ihywhoami,769
TTStars,765
Shqdows_,758
_Skibble,758
saylem_,755
blublublublu,747
Gayatouille21,745
Casualpotat,743
Dawld,740
PlutoAndreas,736
keelan1949,734
sluczifer,734
SuRReNDer99,722
KosThePenguin,698
Cheestastic,694
Skelefer,687
ImNathy,686
IStanLogoGaming,682
Helient,674
bqnnersweat,671
Oriukas,671
Cactalyst,666
Igor_Z,666
Agent_astor_126,664
Saiyana,664
gojo_zhadow,662
caycehater14,660
GracefulBuddy,659
Sackred,657
CautionTape14,657
Saehawk,653
Rohan2202,652
DERFLOL,649
CherryGirly,647
Typhoono,646
YoAngie,645
Evthecarrot,640
dakshkarnalmc,639
Gassie1400,628
Chayliel,625
darkerux,623
Grajkowik,621
potatoman756,621
radstevee,620
AntiFurry,618
Cryptzz_,615
_Grudge_,614
Endx277,611
Brckieh,609
TheNerdMC,608
JakobaMC,608
Foxiee_,601
MatrixMation,599
BizzySlayer3,599
_ItzPuggy,598
TheMCCGuy_,597
YoshaBoss,596
woiw,594
AmazingAl614,585
maddy_roses_,582
shauqi,578
gwvi,573
Slothest,564
oEnvyy,564
skyoreos,564
Doveie,559
BlazyBlast,556
TboyTurbo2005,555
unleashed7863,554
tsnaz,553
JustAMarshmellow,552
Sheep_S,547
rougex15,547
FretB0tMon,545
MojiraCape,544
ItsTi,542
FalcaoMC,531
SKIBIDIGYATMASTR,531
Bruh_masterBO,526
Lymithic,524
CatFelixPRO,524
AW2070,522
_MiniFe4rl3ss_,522
baskiboni,519
Kayahaa,516
CyanFire_,511
aSwedishGuy,509
RatQueenGaming,506
wTeri,505
tripleap,499
sw11per,498
LeticiaHD,498
SuperBugBoi137,495
GTurtleM,492
Jasimoa,491
Slqepy,490
Linnc,488
FloofyFlame,486
Tachnobledefan,485
Shxd0w,482
SpeZySR,479
SbGe,479
Naterim,477
IcyKittyCat,474
VaultMechs257,474
FROMUPTODOWN,473
Fuey_,468
Dolpheney,468
Adjacentt,466
zenrul,462
FleeBroz3,456
Bayernprops4,456
FractureIllusion,456
wozbee,455
Floxylak,449
TurtleOnMC,447
LlunarLlama,446
LaggdLoL,445
Krushka27,444
idoubleup,443
Sacronix,443
Chocolate7934,442
MicsQuad,440
_kilkujadek_,437
Adebay,429
ShiftySnowman,428
Cross237,427
Viilmer,423
SkajLipon,419
ItsLbj,419
tangoemangoe,418
IllegalSomethin_,415
slals,415
wrrf,412
ZolvdFanboy,412
Blazing5,411
JavaJosephE,410
Omrooshi,409
HueyPenguin,408
ImAnIgloo,408
Timaxes,407
NeonAbyss_,407
NotAreo,404
polyanthus,403
Dishal,402
lunaV_,400
harryWchilli,400
SamuelEclipse,398
Ashpent,398
Firetouch01,397
Antoine3100,396
cMangerr,396
webzs,395
TheSnowyRowlet,392
P3ngu1nPlayz,389
RealIsFake,388
charmanderman,388
Frobery,386
imaginqte,383
ItzPine79,380
fortnitepog24183,380
BellaTheBee_,380
Laxinum,379
GizmoCookie,378
Sniper5759,378
ySoFat,377
MeowSnap,377
Mikukasa,376
Sconny22,374
BlueStevee,373
GilgyWilgy,372
qSivinty,372
FORTNITE69GAMER,372
wZyZy,371
Vaasi,370
ShadowyNinja151,369
scalse,368
Snowfsi,367
Avologi,365
Riftkey,365
Redior,365
Sweetcorm,363
Lemonaura,363
NotHimHAHAHA,359
AspenMc,359
xFrosties,359
MiggyOnTheRun,358
esophe,357
fishyguy12345,356
Coxst,355
1tz_st0rmy,355
Mr_Salty385,354
EeveesXM,352
nealexandraa,351
Cr3sc3nt_M00N,351
ElectricFreezer,347
KRISch2,346
Zoomer123_,346
farbrorjoe,345
Atiso26,345
1succ,341
Cabbage66YT,340
frenchfryryy27_,340
ComicSoon3311,340
Trexterr,340
PEEJ45,339
xStarzyy,338
RedisaPigeon,338
fishrrr,337
Raneter,336
Chip1O1,336
oDeers,336
CandyCanesForU,334
InterTwisted,333
Mifkl,332
Zolvd,330
LukoZade,329
Sxarhawk,326
JollyStare,324
skepiwi,324
Ashypants_,322
RIPTechnoThePig,322
saddito,322
Cers_Brad_is_him,321
Mxyah,321
astrophiile,318
PizzaSliderr,314
Falkenfalken2,313
OffsideJoker450,313
ItsCubet,311
TimeForSlime,310
wccd,309
SirTAC,307
Spr1teCranb3rry,306
telephonicblast,305
Tooqaan5,303
imzachbtw,302
Orliix,301
Redlys,301
RicoPlayz__,299
Bxgfoot,297
klled,297
bloak_,295
Tcxiic,294
BladePVP,294
JustGlitch_,294
Katny_,293
itzmeSZ,292
sealalert,291
Fallbean,290
ChiBees,290
SamP710,289
BenniBoiLive,289
hellotherechild,289
MudKryp,288
xKyoi,288
clarasolos,287
DrazilX_,286
WemBooTV,284
rotomm,283
Cookithy,283
MrNgHc,281
iRaqoon,281
MonkeCalledMonkz,277
Clovish,277
AtomicCherry,277
KleinCitroentje,277
Overfluxxed,276
luisf1234,275
suesuee,275
ImWashedatDB,273
PresidentGalaxy,272
Mattpizza,271
70luna,270
Remydow,269
JollyBeeef,268
BlueTigerSW,267
Slayzel,267
Snixx1028,266
KanyeSouthIII,266
Nugdub,265
Sayble,265
YamSabag,264
ChipCors,263
StrummerT,263
dddrain,262
Graymk,262
DoctorNinja1,260
MiddletonManiacs,258
Men_Magnet,258
TechnoFaker,255
BraydoRaptor,255
Sevior,253
Celestiya,253
Brinj,253
Kryptic1llusion,252
__tjb,252
HubonTheBugon,251
Gre1000,250
ItzBlake134,250
KingBlackstone,250
Gtheman005,249
Chaperino,249
ItzNevoy,249
Lyndon2020,249
Kqmek,247
Rhys_J,247
RyanGamez6901,246
Substantialstick,245
FroggyDoesStuf,245
McNuggetoulis_,245
TheAttackBread,245
BrodyWolfy,244
DawGamz,243
Snowsber,242
AvgWhipEnjoyer,240
ItzNotGhosty,239
keylia,238
Ivanthesavior,238
lime9,237
Frostqz_,237
FallEvelynn,236
LioTheLion_,236
Tacogaming123456,235
hbub,234
Graunted,232
sunsrr,232
CalumStagman,231
Barbar31,230
xZunk,225
SUPERS0NIC38,224
Awopp,224
Lennyboy1506,223
LinedParsley,222
Delecive,222
JaizenJaz,221
Tyzxd,221
_happt,220
DeclanGaming14,219
Phantom_type,219
aqixl,219
YoYoSlime,218
Harold2208,218
Niek2013,217
S7or,216
JVGCraft12354,216
King_Kraken13,215
Frogqie,213
Proxpect,213
StroppyFrame8,213
admulo,213
YuumiCherry,212
Btheman005,210
CraftisMineHun,210
Phantomism,210
Flow__,210
Twixtler,210
CEAN0,209
twizzlervr,209
Clowny_V3,208
PokemonMaster345,208
SnowieStick,207
ItzTaniel737,205
ColdMarshmallow,204
rrreeeiii,204
Prism_DAR,204
Felyniaa,204
cheeetahs,202
Frost_Thorns,200
Batiguess,200
TThunderMC,200
FreddyFrostbear,199
PingEm,199
christmas_luvur,198
yay7,197
jzfive,195
brokieh,194
BoneFlicker,194
KAICENATOHIOGYAT,193
_NinjaDude501,193
Iamveryverybee,193
Niks_0,191
Redd2,191
AaravGameBoi,190
Creekchub,190
SnowBrazy,190
Mister_EG,189
Bassamokaili,189
Caracql,189
JoseJoeyPeke,188
MudkipBoi14,188
snakeboxed,187
Lumaura,187
llyon16,187
bzrkLIVE,186
Necromanceris,185
IsaacTheWaffle,185
Crezzio,185
AmpTheDamp,184
MochaCoderDX,184
InfamousPotatoMC,183
Photon3672,183
AgentBOBplaysMC,182
Straignt,182
Mariotwist,181
Dark111008,181
vempireAYO,180
Banglider,180
KingElliotXD,177
YoPatches,177
Audit_Lag,177
FuzionRiderr,176
Rain_OnTwitch,176
Mr_Boxx,175
o_nanos,175
MrManzo,175
Nightkai,174
ilikecountries,174
masmarvelous,173
Falkenfalken3,173
DancingGollum,173
Konzid,173
killboom1011,171
Nomnom1st,170
owntro,170
_purpl3_,170
coterminator,169
Zaridus,169
yumalol,168
zppm,167
BlueKnight9690,167
Xanyu,167
PerHex,167
RuroarJP,166
Froma,166
sunxnaxttz,166
Noro64,164
spoopsiess,164
RangerDC,162
Grendash2,161
Thyzt,160
EvictionNoticed,160
Apoller,160
Jenju15,160
aYeetus,160
SiegeLink3,158
jojoslices,157
Wilfre0,157
Kipey,157
Signitically,157
MrMeineck,156
PimoWernet,155
ZHopes,155
KatsExistance,155
CodPierceAlt1,155
CarrotHeadMan,154
that_squid_dude,154
ChrisBones,154
PookiePJava,154
Latemoha1234,153
SmallTwig,153
Aidengreen123,153
FORGOTLOL,153
fathermonkeking,152
Katseye_,152
Ninjy_,151
JSharps7,151
tetonicteddy,151
LeonardoPLK,150
BaccaDeww,149
SharkFinlay,149
lUl9549,149
oWexx,149
Boodon,149
ThatDudecChr1s,148
owlsarecoolsmsss,147
GDJaman,147
ArhamA,147
DoggyWalk,147
FemGaymer12,146
iSiqht,146
foxyXnatsu,145
Enerist,145
Connnexion,144
Voom9,144
pikachu_girl9,144
choice21,143
NedYa_YT,143
VirtualDragonn,142
Plenjter,142
Threetnite,142
MrMelon_Pult,141
5upKierAndDev,141
Unbik,141
Mwstery,141
PearlFaster,141
eweamy,140
McEd8,139
OverFail,138
IheartWondr,138
ThePinnacles,138
ollyfr,137
Glitch3959_,137
HiVoid,136
KAJUJULOL,136
MudManSon,135
SomeEelGuy,135
DeSpeed,134
Kornilis,134
Potzkar,134
Chesic,133
TeriFyiing,133
ParticleCM,133
FlashPointKilla,132
absoe,131
darkleonard2,131
CrimsonEruption,130
Xstevey,130
Wotez,130
b812,130
Kymerix,130
Envux,129
Scorchyy_,129
xAppL,129
echoly1x,129
droopyspunk,128
Orangai2331,128
Kbelik,128
FoxAnimations,127
gyattster,127
_ItzFrag_,127
Petner,126
GreenIsMyName,126
ItsMiist,126
mvriee,126
Grenudo,126
Phosphorus_1,125
Crabinaboat,124
GitpaT24,124
McHunt132,123
Shadowassassine_,123
zBluey,123
Kylorosh654666,122
MrJooosh,122
HollyBoxy,122
yossiya,122
Wizzy0,122
DqubleV,122
SethKingOfRats,121
Hujila,121
Thegamingduck_,120
Ginyu_Sama,120
Triqary,120
sleektg,120
BitSlaps,120
Impregnations,120
Costifox,119
Skyerus,119
Infernal_03,119
CorruptChimpYT,117
otKubo,117
Deadvid,117
Flixsi,117
LandonLegends,116
Pyro0TV,116
Habeodemens,116
Pixelsated,115
Masternubzy661,115
ItsTheMeta,115
Limecicle,115
ItsTheoXd,115
1_like_m5,115
EGirl_Tuki,115
Hellsend17,114
LobbyLC,114
FestiveMogus,114
Tinyporkchop,113
MiniMaestro,112
PrincePacman47,112
boxods,112
Kubsonikson,112
MythicalRev,112
Hivemxnd,111
guideee,111
GizzeMisse,111
Stumberr,111
ItzClutch9,111
GamerbtwYT,111
Cycans,111
15Flo15,109
panikko,109
Kahibo,109
ZakhailoMudryk,109
1stickwither,109
JollySqm,109
Prequil,109
Renzo738283,109
APurplePenguin_,108
RandomBeans_,108
JJNBlu,108
Zingzy,108
InsomniacCheese,107
PokeGirlMaxie,107
UltimateMorot,106
Kup1995,106
axob,106
Amethylst,106
Arcticsime,106
snodmystaahh,105
Zukios,105
Jorrit123,105
seba_electrical,104
asugobneagiosdbh,104
oToadd,104
_0Gamer,104
Craoon,104
SpectralBlue,103
GamingGamerGirl,102
charmander15_,102
CreamyCrumble,101
izzyy00,101
hellooothere_,100
Owenish,100
FaZe_mmilked,100
_av3,100
BotMan_YT,99
dunkinlmao,99
HinaLoveZone,99
crischutu07,98
ItsGortingTime,98
Xcarbs,98
ComicSoon,98
sleepingburgers,98
Top1SheThem,98
RishFish4507,98
anibunny_playz,98
Tabbed_,97
Kaydence_L,97
ImComfy,97
DinoDayz,96
TheHiddenVoid,96
kuL_,96
monkeynick123ooh,96
Truxth,95
sakurassa,95
IdkaNameS,95
proximity_D,95
VagrantHoliday,95
ZZzenlan,95
jimijamajimbo,94
ImLyme,93
KIRI_IGN,93
IdealTV,93
KaschbyGames,93
Shroyoo,92
xPoodie,92
LostInSpace315,91
LilyLu_,91
_hiih,90
Mr_Bird__,90
jrthemc,90
Caidenplays1108,90
xtesoy,90
Yatschips,90
skywarrior29,89
TheAwesomeDonYT,89
Dequaz,89
BeastPlays_,89
Nemyl,89
JustMourad,89
Vaxtrisybee,89
SourishCandle69,88
tsw,88
YoSlain,88
W0rth_,87
Itz_Terranin,87
maybeamy,87
TooManyTrains,87
RTempMarshmallow,86
Jam0800,86
AutumnsBreeze,86
Kylo757p7,86
Diamonds0C,86
TheMuhi,86
DogeDominates,86
GracieMC_,86
mrtaco7,85
DOOMStoneSKY,85
ItsAllay,85
Zachary2b2t,84
HotChocolateGG,84
CornTrick,84
Atluem,83
SkyeButFake,83
Rawson125,83
Experence,83
MsEvans2,83
johncena32,83
Halfapercent,83
JerryTheCarry,83
SquekyBed,82
TSM_Fire,82
ElectroDragon23,82
viktorboi09,82
Focusingpancakes,82
lyintome,82
technoblade883,82
MrSpikez,81
Noxicate,81
LateLated,81
ArbowLIVE,81
ElTumbaToto,81
Dharshan,81
Gadgeteering,81
CoppeRoseBush,80
Archeol,80
Fortakill,80
Arcticseal156,80
SpectreKnight,80
Lyncite,80
RequitedFlower,80
A_Xander08,79
SELFv1,79
7PugPies_,79
Randomiezr,79
chevy2020,79
awesomeandcool,78
_Ph4n7oM_,78
HoodieDuck_,78
Bypr,78
ferrg,78
Kthepengu1n,78
gorgonmagnific,77
Beowoof_,77
guardianbrine,77
RazorEdge1,77
Divyde_,76
trulysal,76
thedoctor1655,76
jamal_blobito,76
calieco,75
Zetrro,75
GGgamer73,74
Kakashi_Hogake,73
BluishHaze,73
CallMe_Blue,73
Xx_Astral_xX,73
AltyF4,72
bluay_,72
V17tue,72
GoodAtEverything,72
EmooPlays,72
AsteroidOwl4565,71
lactoesss,71
heroboy44,71
BubblesTheFriend,71
BlckCatCoffee,71
Sygnalbine,71
DustCa1lop,71
dre3m,71
stogile,71
Htoon,71
aquatra,71
Syverious,70
KokoJenn,70
KomaSwirls,70
CharliePrincess2,70
AirBreathMan,70
StormerYT,69
Faxentine,69
brpk,69
MCARIAPLAYZ,69
omgtai,69
Retrobow,68
Ice_but_warm,68
OCTAVIUS_SIM,68
thatyangi,68
Septill,68
GamingSuite,68
TheSolarMCYT,68
kayokat,68
_4B_,67
charzardv2,67
Rafay1931,67
Ancientkatana,67
RetroDucky1,67
JustJodin,67
cxost,67
Revolverz,67
xPa1n__,67
FireBeastMode,66
SleepyPoland,66
Darknightmantis,66
Codezoom,66
NulledBird,66
zimblobwe,66
zDelete,66
nomik0,65
voinz,65
TurtlezBoi,65
Redistic,64
yyyes,64
Sc0pophobia,63
Gercules,63
XoticBMW,63
HayleeSP,63
Scopophobiaa,63
Soty_Valentine,62
CyaNideJ,62
Grimnit,62
rxsesanddiamonds,62
UnboggledToggo,62
soggyfrito39,62
Cheekyio,62
Wolfurian,62
PandaRobot42,61
rerented,61
wewy_,61
supersanny,61
Pxngwin,61
AnnaTide,60
ItsBearz,60
Servver,60
DDG_ROBIN,60
Spy_Games,60
LegitGamer1234,60
DjIsaRat,60
IBlameDeathOnLag,59
ChrysTV,59
Vrampage2004,59
brhh,59
zMatz,59
IdiotBozo,59
compym,59
Pyzax,59
shammyo921,59
NotARealPerson6,59
HabbleDamble,59
ZeebraX_,58
R3dB1t,58
MarcyMoods,58
wzal,58
VolcanicRJ,58
iTuT,58
ColeRoll,58
MutantKrait,57
JDFireShot,57
itsmechxrlie23,57
voab,57
mirit__,57
Sbarky,57
vicgamingstudio,56
CHECKYOURDMSVAL,56
iClip,56
shleave,55
PlushGaymer12,55
lackiedaisical,55
Jay_Fr0st_,55
misscomunication,55
Whelmz,55
CycleDestiny,55
SeanMutantZombe,54
YoshiBerger,54
OhMine,54
Kiplrs,54
Kingscorcher,54
VelidioV,54
mellowjellocello,54
jc_th3k1ng,54
aksh6,53
awKitten,53
Orange364,53
lqour,53
mischonok_,53
luhfit,53
TheCr1tz,53
Sir_Minelot,52
Incineroar14,52
Not0minous,52
Vivavic,51
Its_Sora,51
MickeydeVos,51
PikaMC_,51
2005HondaOdyssey,51
Pillza,51
Super_Gustavs,51
fischglas,51
LightLynx_,50
Blossem_x,50
Torteal,50
EobardEdwardton,50
JudyHops,50
CrystalsStuff,50
DoggoCraft,50
Big_Yoshee,50
eepers__,50
TheDailyGinger,50
dvd_NA,50
SoulCrow1,50
MasterSoupWake,50
Chazxa,50
GreenWildfires,49
Zutto_,49
PrabsSSP,49
Svenn1eboy,49
elitecombate,48
DessertSun,48
BlobbyXD,48
GigaDrake83,48
CutTheCable,48
_rafx,48
PinchPlayz,48
DrippyBigmac,48
Bluey1709,48
Pineconen,48
_MysticSoul_,48
CalmAndCalmado,48
v0nxen,48
hariboSOLO,48
Perskyz,47
Kinnered,47
Maxboi_Playz,47
PepsiRat345,47
MissingBuilder,47
PippsaTrash,47
Dany1263,47
WRUN,47
Vpekka,47
AV8O,47
Thunbit,47
Obscuriio,47
Embrynn,46
TheRedGamer18,46
GunnyDub,46
MaxSL_,46
UnknownEntityXML,46
Sibaka,46
bleakpizza,46
TakeLemons,46
Dantech1,46
Rasyah,46
qtElectric,46
ElectroLightnin,46
Ghostly_Rat,46
JeppeWasTaken,45
greyhere,45
divinki,45
Toad5640,45
Danes_,45
Dude_a_Chu,45
PajamaHead,45
iZeaTurtle79,45
Enndd,45
Improver_,45
ShrubTY,45
KiddyRizzler,45
Deliryia,45
Mangialardo,45
YQA,44
SkalaLD,44
LargeEpicMan,44
MacStevins,44
SplitIn2,44
Heectc,44
Sbloosh,43
qfps,43
WuakcWuakcWuakc,43
LlamaLam,43
GeorgeDrinksSoda,43
Argend,43
_OSR__,43
zycopink,43
Behz,43
Bdcharizard,43
Faze_Darknyes,43
F1urrry,43
goateeman,42
_shadowofcat_,42
RustyX4,42
oHealth,42
OrangeBlocky,42
_dexter_MC,42
Vinaco,42
StezeyMC,41
Xelvras,41
KiraaClown,41
Caydean,41
EvilMessyo,41
anqiz,41
bxnd,40
AntiBiscuit,40
Itz_neptool,40
BladeDuckGaming,40
PepsiLags,40
KnaidelZulu6163,40
SimaraSaile,40
_Nosey_,40
CapatinDanboo,40
thatgamechannel,40
Bollt,40
Stilluetto,40
BaklavaKid,40
Stray,40
Skeppy_Amp,39
ItzGhostFox,39
WalterPlays,39
itsfiredragon_YT,39
CatgirlMountain,39
TronixToad,39
WhoTries,39
__Light____,39
RichCat6490,39
CyanConcrete,39
luxuryz,39
NeonDJs_BF_UwU,39
chionophobia,39
HT3fromPinglord,39
KnowerMeh,38
Cleverdude444,38
TheLexip,38
mmeim,38
corupt_exe,38
Garfzzler,38
Doozim,38
X_Comobie_X,38
HPMoo98,38
notionO,38
Beetleeee,38
AkaDoggy,38
d1spatch,37
T0blerone_2,37
MysticGalaxy_,37
Rokklz,37
scorpiostelliums,37
yxmart,37
noahdeluxe,37
Squirrelify,37
MochaPrism,37
JollyLaqkyz,37
Lommslomm,37
NeonDJs_BF,37
NotSweqty,37
Bow85,37
Shhyne,37
SomeBirdgal,36
Ninja3201,36
iamCosmos,36
StomaticCow561,36
TimmyBiQueen,36
RatkingGaming,36
dlf745,36
Pandamark,35
YourFriendlyDuck,35
xMegan,35
WhiteChild69,35
KindaCoolNGL,35
blyzrd,35
SefiTheFrog,35
SpiiderBoy,35
coffeebeeez,35
thumpmanu,35
Twility,34
Mineloverr,34
Jonjr36,34
Fymada,34
Temperloss,34
FireCreeper1015,34
NeonDJ,34
SnowyOzul,34
Kyngdumb,34
andanteswife,34
Pyr0dashie,34
LeBananaMC,34
LemonGarlic133,34
BabaXVI,34
Cookie7_,34
Cheeseburger64,34
N1njaz,33
MrkvaMan,33
fvfu,33
Balrog69,33
EddyDesu,33
xy1zv,32
Mixunity,32
yellowomg,32
ToxicBlade09,32
P1zzaTime_,32
DayoTV,32
nabz057,32
The1AndOnlyEnder,32
TSTristan,32
CharlieIguess1,32
Cammeron_,32
Oxisch,32
Calebgamer2000,32
RelitoPlaysCg,31
notfelipebtw,31
ItsKhaled,31
ResearchLive,31
MPP2thousand,31
Lkactus,31
TTkindboy,31
Tahuy,31
OFFSIDE_FLAME,31
kressere,31
SloppyTTV,31
Matlopita,31
Glaciate101EXE,31
PTDestroyers,31
GlacialApple,31
waesd_,31
RogueWulf1,31
Kyw1_,31
ExcludedYT,31
SapnapHD,31
octwins,31
SebIsACrafter,31
Penguinsaver,31
NedacRegnirag,30
Myuws,30
Loomidex,30
AdonMrPika,30
Drackedust,30
DerpMask,30
Sk8rmacity,30
Hello26,30
qxib,30
Parkerjd7,30
Kabyn,30
OnlyShots,30
Xaderr,30
PrivateChaos4,30
Unknown,30
LocalDust,30
Vursus,30
ohPanther,30
Overflow32,29
Troydeerman99,29
TheUltraRaven,29
0xDrMoe,29
SpeedyChillz,29
Brillenium,29
Gazzza101,29
kwibu,29
qnbz_,29
Peppermations,29
Thisismyname,29
Vincexy,29
Qwuill_YT,29
Stanovacuum,29
Pikmin397,28
GeorgeDripington,28
G3ometri,28
ryu285,28
PotatoBeAncient,28
G0jira_,28
BetterXD,28
Pedrinhocas,28
zTuv,28
OsgOliver,28
R1lzz,28
derpyKam,28
RankFurball3883,28
CheesySpider522,28
opainz_,28
Gerfield,28
SomePerpon215,27
_axes,27
Lolmun577,27
CometsComedyClub,27
BroWo9,27
Cyanc1o,27
Mr_Muppy,27
BeastBaller60,27
Dossay,27
oDuckk,27
P3ngu_,27
Chelbyotterpanda,27
OwOKittenOwO,27
Jabba_Babba,27
Jefero,26
PadawanDom,26
_ICE_GAME_,26
SPOGEBOO,26
ItzDim2030,26
Dr_Brandini,26
Cyanz666,26
Envarad,26
AllieLy,26
Banned2005,26
Simon99Q,26
BlackBerry04,26
BatkingGaming,26
1oseph,26
wvmp,26
dropthespud,26
oskarxd124,26
Syhphr,25
Paguero,25
NotCipher,25
TimeLimit,25
DjuroDark,25
Hanniizzz,25
ItzFrxstyXD,25
smogze,25
MilesOnline,25
UpbeatTeacher63,25
tsaitama,25
italize,25
SneakyChilli44,25
Durtel,24
atmoo,24
LukeEXE,24
MechStep,24
ItsNowJoever,24
_N01r_,24
qTad,24
_poison0,24
galaxy7075,24
DeathFan,24
BenjieWonKinobi,24
BigDewster,24
FurriBoiBenji,24
R3NTL3S9460,24
KabirIDK,24
westburn,24
Polychromatism,24
chewystan,24
EmperorEllz,24
Bosslazarshots,24
Mr_Ocelot_Guy,24
Weredog_,24
Dino___,24
Evictionl,24
TheRebooted9520,23
Jinimoo,23
Toremood,23
manglefowalife,23
YashaStayFly,23
unpaidworker_,23
Steandci,23
1gravee,23
TheMysterys,23
FallingNuts,23
Beaglez,23
WhyG_,23
Dombers,23
SpaceFl1erz,23
air2rz,23
Hedrix,23
IJACEK_CZ,23
SnitchMC,23
TheDude1045,23
Deviniscool_66,23
Chloroplastics,23
TheWolfJ,23
OreRaven,23
EpicJoshie,23
McChezface,23
Tundryc,23
EventHowTo4,22
qHusky,22
falkenfalkens,22
Udtorn,22
GoatedFenris,22
Lunapie20011,22
Saroo257,22
SpectralArrow_,22
Stranfix,22
CrisTheGuy5,22
Marinos353,22
Oak_C8,22
schmuglbub,22
DubzFrost,22
Narnia27,22
Orencio,22
Date2,22
ItsLunaForever,22
MR_STAR4,22
Litluke9809,22
Plazard_,22
UltraTeal,22
Monkey_gaming99,22
StarTomcat,21
wistry,21
MrGam3z,21
IzPanorama,21
CluLessBird,21
DaJamesMayo,21
_Pretze1,21
aquabee_,21
arbymax,21
Thastef,21
JTensei,21
GDTaffel,21
gytdzzi,21
GitpaT244,21
ImWithered,21
Jo_red_lack,21
Bamzyyy,20
OnlyGolden,20
TwistedKaiser,20
animalcracker356,20
wystiria_,20
xdColdClaw,20
Orange_Chicken,20
ItsAllJoever,20
AmMinion,20
Pandoes_,20
Abuildingcat,20
Leahc1m,20
Blockady,20
Adwertise,20
Aaronzy,20
AlphaTheGuy,20
W1fi0,20
13killerwolf13,20
Detenti0n,20
nimfy,20
Ka1b23i,19
ohZenith,19
Julianoderso,19
iBasicBee,19
SkylerWindragon,19
AsterTD,19
rainbowlucas,19
weluvgold,19
fnafboi1987,19
mo_m,19
655_,19
Ganecks,19
brahmem,19
aurrav,19
opik8,19
penguinpower521,19
Creeper27980,19
OrnateLeopard75,19
superperz,19
liszo,19
MiteDA,18
DoubleCounter,18
Dreg00n,18
_hype26,18
MrB4ll3r,18
VentiBeast,18
DerGehasste,18
WhoLetDonny1,18
phexiiii,18
StillHereO7,18
LucyPlaysGames,18
Bassdrops,18
FrostiesBrother,18
Sneapky,18
Rafamigo,18
_MR_Glitch,18
Basketbal12,18
StrawberrySeal77,18
_dshadow,18
Shou_Ren,18
NotKevin,18
Djscribbles11,18
Robawt,18
blissylol,18
The_Whale_King,18
GreyVibezz,17
Gamer_Verse,17
JJ5947,17
IDKWhat78,17
Nyecholas,17
Corblow,17
Quirky_Clo,17
UnderPiadas,17
WirySaturn,17
CaffyPanda,17
tsoukalinho,17
cassdragons,17
Mxsquerxde,17
SixMountain4506,17
0MN1cayce,17
TheScreamingBush,17
AfterFish,17
darkhj,17
Buwoo,17
xixcz,17
Vsolus,17
thezombiezapper,17
Blanba,17
zrzskys,17
qEnvy,17
Al4_,17
ImTheLion,17
Pooki3,16
Meocaoslmfao,16
poglin_brute,16
pootoot,16
Mdgamerttv,16
edye,16
Raddelgo14EXE,16
Bolsu_,16
KillToDeathRatio,16
notapiggy,16
magooracer,16
SapfixxTV,16
LeRealSnailShady,16
PresidentJavier,16
Aspen_Reborn,16
Yoghurrt,16
destroyer_KD,16
Lutraa,16
jagq,16
GarfeildLive,16
Zaccc_,16
Kaylesh_,16
Maxisgoose,16
Snowbug__,16
ArfSnarl,16
Dreamlel,16
callme1zzy,16
CameronXD_,16
SamsSquatch,15
KingLuke5663,15
x_Kyran_x,15
koarins,15
Licorice,15
RiverThePinger,15
Viglot,15
Bluekwyrm,15
Nickboom_,15
Point_,15
Crazydog1435,15
FlipoutDude,15
BlazeBilly,15
Cinnameme,14
Nominalgravy,14
McSwagger69,14
Spongedog,14
Ryicx,14
Soniim,14
Kinda_Clumsy7,14
Matatouille21,14
Darrk_Cobraa,14
SJDB,14
WkeysRocket11,14
Sparkz74_,14
Henked,14
00ramen00,14
enriccoo,14
oDerpytoes,14
laccrose,14
Frwzn,14
SpeedyDeni,14
_Cicada,14
danochino,14
Eogt,14
ScoogerVader,14
D3rpbo1,14
alexdestroyer2k,14
Jqyn,14
Ruderrr,14
Royal_Poisonous,14
Bafes,14
RagedCharlotte,14
AvetFox,14
NetNova,14
thatfairyperson,14
Frostlilac,14
ShuggaXD,13
Rosamoosh,13
Arco8,13
RosenGeo256,13
ItsSoJoever,13
_Dranined,13
Sk0ck0,13
ItzJimmy456,13
m4rkiplier,13
Poke_Snivy,13
Flameri,13
neverrandom,13
PringleLuvsXenon,13
Cooleygam,13
TheToastie,13
ShinobiMelody,13
G01die,13
chiller_chicken,13
waxton,13
ekiten,13
snufler,13
CNE1928,13
woahitsbugsy,13
SevenBerry82689,13
Firefrqst,13
acwait,12
Specifyy_,12
PhantomGhosty09,12
AlphaD,12
GabrielRTXti,12
DarkCrystals,12
Colby_Jaxon,12
shortbread1527,12
Burgrs,12
PigestBigFather,12
wtfDoggy,12
mrgogg,12
OPSoSmooth,12
Spxrtxn,12
imkempo,12
Moorel,12
CookieKyle,12
Goddidd,12
FlashCrimson,12
Kroby_,12
CasualScreeching,12
blueomega10,12
notSyfon,12
StarTube,12
Fleur_Xedas,12
Strumer,12
Katie_Player,12
Try_nuclear,12
JorialAMG,12
_ArthurMorgan_69,12
1cocoecake,12
RadParasite,12
Bkwhyte,12
nncheck,12
Ducky4090,12
Daking___,12
Spzams,11
Hexaltope,11
Enderkins011,11
AK5__,11
Dinomine1217,11
StudzyYT,11
PomniTheJester,11
FREIxKIDD,11
zephyrash,11
Rouadian,11
ThatEpicMushroom,11
eklyst,11
Just_some_nerd36,11
ItzEkans,11
slowready,11
AquaStabb,11
MaxFellOff,11
rac_legend77,11
AGRH,11
FawnAardvark,11
KokeFros1,11
JTheGriff,11
GooseEnjoyer17,11
Adira69,11
toatycake,11
Solawr,11
ChachaBridge,11
JustWinterFox,11
SconnyBoiii,11
Kubiebee,11
I_am_in_AET,11
CrispyChicken128,11
G3rmany_,11
Qbur,10
SnowyYT_,10
Valoof,10
grantschloss04,10
AzOMatic,10
Mwria,10
ItsCoop_,10
BreadEaterPeter,10
Perspective1,10
ChewyPoo,10
FarBright,10
Arctic_foxxyt,10
NotPhoton,10
WitherSweat,10
IZAQ_,10
skioygraal,10
TheFutureCookie,10
TalkingMime,10
Skonch,10
Glowhead123,10
SmokeySock,10
BestJolteon,10
tacoplayz,10
germina,10
HypickleLag,10
Yasora123,10
Sipgeraf,10
Zukohs,10
SavBananaX,10
raqus,10
Param_456,10
Hashtagie_,10
ImTwiggy,10
Blackshaun,10
Matixz,10
Guggly09,10
Snowette,10
bonqx,10
Zynotix,10
tappyboo,10
Y0shikid27,10
juinzy,9
mackeeperapi,9
Mr__Yessir,9
iiGirts,9
MidNightBladez,9
EAidan,9
colingaming0924,9
Chxotic_Max,9
SereinaKirlia,9
xTBD,9
qwMinty,9
ChazarusDre,9
Voxellotl,9
Cyogenic,9
benlaacrouton,9
kyrkis,9
JALUSN,9
RayIceBear,9
QuarkTV,9
WafleMan,9
KoljaProBr0,9
OThunderie,9
ImFrostYes,9
X_BoxMan_X,9
ilovemonkeys78,9
arbysMeat,9
DiamondIsDense,9
CarrotCakeMan,9
C_akz,9
Chat__GPT,9
afrostycloud,9
PonyRL,9
TheClockHimself,8
ADeadMeme003,8
12thSoul,8
HiStuffGuy,8
ToastedBr3dza_,8
Indian_Skeppy,8
Giantslimer,8
Maafer,8
F1R5,8
mikey_swag,8
crownisclown,8
Stulk_,8
Stefio_Pie,8
sapus,8
CloudDreamzs,8
bOil3ra,8
Shiger_Tark,8
egirl_ruby,8
PogPlayz,8
ItzRyZ,8
hvbuddy,8
__Chips,8
Kiru_OG,8
BrotherSamwell,8
SentientChair66,8
notray_0,8
Sorefazetfue,8
ManMokoki,8
TheSxber,8
Tangent_T01,8
Oddegree,8
Dark_slyman,8
luvfromclay,8
TopKeeperNep,8
Mr_Cthulhu_,8
HTNMC,8
LuckyCheese_,8
SkajLiwier,8
easyspeezy,8
Zulu6263,8
TitleTown17,8
MiniToast99,8
ThatOneG4Y,7
endermenbroski,7
Flipsen107,7
Xanderkno1,7
Lefao10,7
Sotowo,7
danchorno,7
MrLegoStudios,7
Complexii,7
anastarawneh,7
Sindre_smurf,7
Randomasdude,7
Cherakis,7
repotato,7
Lyrosion,7
Nit3s,7
Snavage,7
Pawrito,7
peterGames22kn,7
Bumblez07,7
ThatTransGirl,7
gavot,7
ADreWer,7
STOPBREATH1NG,7
GabrielLucifer22,7
xCubical,7
Night_Club,7
PenguinMC8,7
josh3231,7
PowerRubik,7
_DuckG,7
MCBOMB27,7
Joeyfish1000,7
BoredLmao,7
Lozrixs,7
DisguisedMoa,7
TechnobladeHD,7
ZGR3D3K0,7
LaSifri,7
Redye_,7
kmaxi,6
Geht8,6
yorgen_borgen,6
StupidGamer5366,6
_RealNam,6
ParHudz,6
CakesCome,6
Maximum_Riptide,6
Monday_________,6
IciCole,6
Vomitshot,6
JLizard,6
wKyro,6
Vinwy,6
Phantomized,6
s4va,6
Jattos,6
gallbladder12,6
Piffin380,6
quolte,6
Luca_Jay,6
GingerNuggy,6
hiitzhunter,6
Prythium,6
Comet445,6
ImAYelloGuy,6
CowboyKermit1,6
7kay,6
DizzyJWTA,6
TheIgnitedGamer,6
Hypcronite,6
SlumberMC,6
piepanda,6
aolt,6
Trash_Panda2007,6
SeaVolcano93990,6
Hydu,6
RincheTheWaffle,6
TheGhostHaunts,6
NeebwinMakua,6
TobyTheTerrific_,6
Kxnani,6
MinerReyna,6
bigboimack,6
Sanoj107,6
VCscroll,6
Rafsa_,6
Mac_AndCheese_,6
DecexMC,6
Menokilla,6
PenguinOliver,6
Flintd,5
Bappogo,5
SaltySubmariner,5
Dabmaster0,5
Choco1ateWaffles,5
GregBirch2008,5
AvoidMyPoision,5
wmano,5
PandorasMom,5
FletchlingBird,5
MyNameIsOhIlNam,5
ItzTempestDL,5
PurpleEnder29,5
I_am_the_spy_,5
noritamia,5
Gredily,5
UwexSLO,5
emmaobviously,5
AxolotlCraft,5
SilverArrow129,5
ZakTempo,5
SAMyesnt,5
King3li,5
Pylax,5
Knight_Bread,5
Nizyi,5
v1tza,5
t1ga4,5
ImBluu,5
Paradox140,5
Art_EE,5
Typhoom,5
ourange,5
Calico_OS,5
Corpsecar,5
AlicesMalice,5
AshleyyRose,5
Xiler40k,5
Jimdimsam,5
Sinterny,5
SkylarKingston,5
TheKnor,5
Toadify,5
AceOfClovers_,5
reilly999,5
oransi,5
Delisearoo182,5
M0nbrn,5
Itzthedog18,5
Bow_Combo,5
coliowert,5
Firpo1,5
1Azan,5
meta64,5
Glazebrickcheesr,5
vianmarilive,5
DuduGod,5
XenBlem,5
NodipChip,5
Inaguysbasemnt,5
peachhie,5
ChaosRifter,5
fedriki,5
RaTheMoonGod,5
aquario2,5
S34G14SS,5
Hive_Fieri,5
Cminer5000,5
VZLANyan,5
Acidyme,5
Thatderpdoe123,5
greenclawer,5
Alastor_Darkstar,4
anti_taaco,4
Fvry,4
Tiwaas,4
BigBlackBatGirl,4
Gidus13,4
GamingGuy907,4
LuckyL0v3,4
Kaydo42,4
DanDemonic,4
Sekigahara_,4
JustItay,4
Kongcoolman,4
quizky,4
_ixS,4
DuckyWins,4
TheUltimaChicken,4
DiamondCup,4
lenniedoggo,4
BananaLogy,4
PopcornPope,4
Sxnset,4
SkibidiPomniFart,4
Dislyiked,4
fruitberriies,4
Skelb0,4
frostine_,4
LimeLlama,4
SquirrelJesys,4
__DMK__,4
Fusion14,4
Theheart33,4
Looserjon,4
AWR_2,4
Taycario,4
theirbeans_,4
Lag_Byte,4
Rittly,4
KillerHippo_,4
Karmelade,4
TamarinX2,4
nubdoga,4
catholiccatboy,4
McVins,4
_Froz3n,4
AaranGeorge1234,4
Asxalt,4
Jayna,4
murkish,4
MewBlaster,4
NiniMinecraft17,4
Flaxmes,4
ChasinCheese,4
Quxp,4
TheHappywheels1,4
TwitchyW,4
RocketPlays5,4
notseohyun,4
AnNpCWA,4
Dogska,4
kyoifan123,4
ItsBrownix,4
Kaiif,4
RRFalconPrime,4
Alzemski,4
Helena7880,4
Endercat9,4
JaminRoto,4
bigbthespider2,4
aRemedy,4
Mradrianking,4
crackerbox1,4
LegionLord_,4
ndeno,4
Xpar17,4
sh4zzy,3
estyestyy,3
FlareBurnn,3
poggers10_,3
NarColeEptic,3
NbotMC,3
_Sweh,3
_EliteCurvex,3
BobblyBob,3
Sporsheim,3
Ushiey,3
its_Kalu,3
Eevolic,3
MelhamMaiers,3
JmoFmo44,3
Moussecolm,3
TheFakeLakeGuy,3
Dysamite,3
NotAutmn,3
bsummers2703,3
Sun_GoDD,3
Gwfun22,3
InfamousMaster,3
svandro,3
Hi____,3
Spooks__,3
BlueLego_,3
SomethingNeon,3
katealexaa,3
Claidheamh9,3
Manjerico,3
Crowneck,3
Eclipse1901,3
_Toxity,3
NotAFrenchPersn,3
RandomCrazyGuy,3
danielc4444,3
dropzyMC,3
Rifty115,3
Sinjinplays,3
TinyKingLmao,3
Gali7,3
SenseiUnknown_,3
DaizyDragon,3
ShinyOwO,3
BeachMC_,3
LG1isnotagun,3
Misfortuneowo,3
coolve,3
GetheStuffMentos,3
ToxicSkurz,3
CrpPlayz,3
Powercyphe,3
la1rs,3
leshan17clip,3
never_,3
OTGamgin,3
sneaky__pete,3
Papayatree123,3
lynrose,3
Sightned,3
ioimha,3
TheJosephGuy,3
Crazing,3
Fyebil,3
TheoStarlight,3
JGeep0,3
ShadowSkull_Void,3
NolanZz_,3
Kamui_Tokisaki,3
RicoUfo__,3
CalebNifty,3
aFrung,3
FattyIsACatty,3
rdaug,3
C0ugarSlayer7,3
JustJqke,3
tenobade,3
DaeiraDee_,3
breno_monke,3
Dinoxify_YT,3
MartinMars,3
kewll,3
DabTopia,3
Lucymira,3
TheFeldman07,3
AquaDragon360,3
ProvokedOceann,3
Not_200iq,3
PlenjBee,3
_Nidgey,3
wittlemexican,3
Liver_,2
WGBenderman,2
speedboy,2
wlkk,2
Hydraulixs,2
FurrySlayer56,2
Mondelf,2
Kaedenaper,2
StrikerLPB,2
infernofox12345,2
ironjayy,2
Seano_Trademark,2
Tabbee_,2
NotChaos_,2
RoRoflop,2
AStrangeCreature,2
Assassinance,2
Aprilix,2
VvoidVviper,2
Nadreix,2
Tdwt,2
ElectrooWAVE,2
LogicalPlus,2
NickWN,2
vonmalm,2
The_RabbidFish,2
PatrickCombo,2
kispintyi,2
BunnyApril,2
Edwordgaming,2
D1cel,2
JustHadSoup,2
EragonTheSheep,2
_TheBigZ,2
KTGeazy,2
manwhoo,2
D44WN,2
rdklol,2
TheSlappyPancake,2
itsrenderman,2
Scliffler,2
MasterMotion,2
CookieDohhh,2
SoupInACan,2
stompalomp430,2
IPhoneloverXD,2
blz3_,2
IcyPurpL,2
Sazo_w,2
OverworldYT,2
dentonboi,2
YouRillyDontKnow,2
Te11ing,2
NeonDelta_,2
Pro_237,2
Gadders9883,2
Beavery,2
Tussenhaakje,2
Solid_Cheese,2
Yamone2010,2
ImNotBarbs,2
CyberZeta,2
Malten,2
Siang_Hai,2
lilmac426,2
mistymisterious,2
BoboAndreas,2
ChicagoShark,2
Fallen_Goddess,2
ZeroxYT_,2
PantsOnPanda,2
Uszr,2
ItsAvery24,2
TylerSnow,2
P_mpkin,2
LazySword,2
CatLad69420,2
SwathingFoot,2
Heetoe,2
D1zzyy_,2
RaidGoat,2
ilovemonkeys79,2
Urchent,2
vDawg__,2
Fred2XO,2
meowHana,2
IgnWu,2
mochim2,2
AJJJH,2
peachey_icedtea,2
oGreens,2
Windgale,2
Nicksyohi,2
Kittydragon_,2
fruitmango,2
HorridDreams,2
TTV_WESS,2
twinklestargirl,2
victoria3lise,2
ToleRai,2
Noahcem,2
TheCrep,2
RJPlaysYT,2
Agon130,2
TheBigMoo,2
gabe420,2
DINGwhynot,2
SnorkelMoses,2
ItsWolf,2
Xer0xious,2
RhiVibez,2
LightTheLad,2
codedvuris,2
Ch4rity,2
Droidsareut,2
St4rIsTiredXD,2
Quackzyy,2
Teibor,1
EJfell,1
qtkal,1
Black_hound,1
0530smitty,1
Qxnten,1
plutoboni,1
gurmythewormy,1
Taisster,1
lifeofchrome,1
Aces_Plays,1
Croma_Z,1
necrotomy,1
itzblake34,1
GoKartGirl04,1
Exotic328,1
KinWasHere,1
Omnicompetent,1
Private_Tovar,1
Space_Jammer,1
Dabbaby_,1
Walkerp17093,1
Ungracefully,1
JaiMaster006,1
KazzLM,1
_TheLostPotato_,1
juan_titan,1
Airline,1
prezsthegoat,1
mqtrx,1
Elzlive_,1
BigBrainFrog,1
NateJosh1,1
Whos_Brenda,1
AmongBurger,1
BBrendon,1
PedroLD22,1
Novaero17,1
DrRudro,1
RektByJon,1
ceilozz,1
BotSolo,1
ItzRylqn,1
DragoonzMC,1
Lukas_gamer7,1
NatBalzac27,1
Leaflul,1
Stone_Wizard,1
1Calamity,1
Vanshu42XD,1
Shadow_loll,1
Chaosgurke46,1
AmberO,1
pyraismid,1
TpotFr,1
MaidWires,1
teknikatt,1
TigerMansionYT,1
Botatoguy,1
dz98,1
goldiewoldie,1
Rew_goes_Phew,1
the_warden_godYT,1
Litl0t,1
Cxpricious,1
pipshroom,1
Catpotat,1
Salad1,1
Eternoo_,1
Cozmo83,1
SageCatt,1
EsQuackity,1
alqqx,1
RedFlamingFury,1
Ford_Family,1
xzaps,1
TehOcto,1
Tidial,1
Da_hunted,1
ST4Rplayz,1
PatMonster101,1
_Dato,1
Cyanya,1
Cheems_The_Dog,1
X0ROSE,1
arielkryk,1
nadav_king_fire,1
Devilishcorrect,1
_snowClouds,1
KNWEK,1
vhoxii,1
SoupCPS,1
ItzChocolate,1
TheSuperSlayer1,1
IHateOriukas,1
Dentaunicorn2,1
mjjava21,1
ChickenSushii,1
MrKaaya,1
Oil08,1
SmileyDimple,1
bat_98,1
notluc4s,1
hgsmallz,1
Jqde_,1
Monihalla,1
Strikatron,1
ItsZel,1
NightNova1780,1
TheNubClub,1
Wioren,1
blackteaa,1
LostTaylorr,1
Nexustyx,1
giantlasergecko,1
JustCoalHere,1
A1ArtAce094,1
CheesyBlock,1
yoyos,1
GerwinT_,1
Throw_it_or_not,1
_Insidious,1
BizzyYT,1
bracobalfoy,1
withered9897,1
Cycrum,1
YaniMayuo,1
Fiery_,1
jayflipz,1
thatbattleboxguy,1
Nugget_Noob,1
KinApple,1
ArcherJ100,1
madduellist,1
im_a_duck27,1
Furry_LIDL,1
Wheeljack_Gamer,1
SirPatchy69420,1
Rezidu,1
SuwanMC,1
PaddyHarmonica,1
MiiVertex,1
IamJake002,1
magison,1
_Misc_,1
TheFox580,1
Antsangel,1
Lunatocity,1
CxsmicEntity,1
