Username,Total Experience,Level Experience,Level
ItsTomH,57916,2279,24
TheSlushyDealer,56452,912,25
halzywow,44975,1394,22
CherryCaste,40874,1899,21
f0xythebest,39572,543,22
accappy,37918,2711,22
DanDemonic1,35972,773,22
LunasCatboy,31210,787,20
Darknyes,30641,2486,21
BaseFace009,30141,478,19
PantherPikachu,29912,1372,20
Picks_L,29731,108,19
beebuilding,28482,1908,19
esrowan,28125,792,19
MANONFIRE888,27895,1950,19
JavaPenguin5,27215,1271,19
rnqueerball123,27174,1016,20
CarrotHeadMan,27114,2047,19
HareBears,26929,1867,19
MartinMars1,26559,906,18
Painvsz,26065,352,18
KVN_Oogim,24336,55,18
0Lionthenoob,24241,1550,18
robbeff,23836,1690,17
LoganTime,23657,1546,17
FroppyMug,23192,4,20
XVRCOUNTRIES,22415,331,17
sdiuqs,22258,329,18
MagicMarc,22250,540,19
Mets_,21960,247,17
BuddyTheBot,21882,1565,19
XVRYUNGSOUPYZ,21749,265,17
iiWawa,21376,320,18
_GreenRCDriver_,20793,1725,17
OmniBoundless,19327,369,16
Splashy_live,18974,109,16
Nitroplasma,18115,567,16
Phloofiness,18029,458,16
Sheep_S,18029,1495,16
Kwaddashes,17989,424,16
izsokok,17684,1146,17
Christory,17183,1063,15
astrophiile,16550,1237,15
Greninjablade,16486,1086,17
FoxyxTaco,16428,977,15
RetoBeat,16307,1130,16
Gayatouille21,16281,1164,15
AJG676,15894,453,15
_MiniCatalyst_,15114,389,15
TechnoTheKing,14795,539,15
XVRGEORGEGUY,14756,1220,14
Adamscatboy,14521,258,15
TechnoIsPog,14505,186,16
_alexps,14275,1,15
oHeino,14262,694,14
Stray,13985,410,14
KingDixie,13842,787,15
priceycelery,13551,581,15
Adjacentt,13508,1289,16
indiglore,13471,1139,15
RnsoccerIsTrans,13009,701,15
Jorifij,12720,392,15
oGracie,12711,381,15
_MiniPika_,12457,129,15
GracefulBuddy,12264,1073,14
blueestars,12132,752,13
Natsufrfr,12024,632,13
ATG10,12020,654,13
TheCat727,12020,683,13
AlienSearcherFBI,12011,1049,13
SRPCRYSTALYT2,11905,527,13
Turxe,11890,606,13
GilgyWilgy,11768,1271,15
Photon3672,11666,306,13
wishedcrawdad81,11607,266,13
Void_Energy,11526,984,14
Duckoes,11470,920,14
_MiniLuna_,11422,215,14
Hopecrawmom81,11400,53,13
ihywhoami,11391,895,15
qGoof,11339,2,13
LHYQ,11282,629,13
NoRealNames,10944,6,13
ILoveBuddyTheBot,10631,835,14
Dartzy_,10241,760,13
_Kreesh_,10229,843,15
Fe4thers,10204,251,13
Lizariam,10164,1205,14
Talci,10135,420,14
Dr01d_,10110,172,13
MattyBs,9941,506,12
Limedd,9786,837,14
nealexandraa,9726,752,13
enderpro,9713,769,14
ScytherLy,9708,216,13
BMH_,9687,312,12
milo_wh,9590,166,13
Adztel,9367,330,12
Frost_Thorns,9324,59,12
AstroBower,9290,329,13
JamesMinecraft,9068,751,13
CdogThePro,9060,377,12
KillTheFrench,8971,47,12
Summerpants_,8671,695,12
Naty1s8472,8578,583,12
Bosspl12,8556,852,11
radstevee,8425,752,11
zenrul,8377,798,13
LizardY_,8374,716,11
blvry,8364,737,11
XVRMATTYSP,8329,800,11
Kebabuz,8326,680,11
Pauxilian_X,8310,280,12
Gthefan005,8250,593,11
DippiDab,8220,242,14
Smqshy,8144,581,13
Oriukas,8130,604,12
Skelefer,8076,397,11
ShadowyNinja151,8074,526,12
KosThePenguin,7967,717,11
Endx277,7949,308,11
Konstellationss,7948,455,12
F1rePhoenix_,7923,943,12
WhoDaddy,7858,192,11
imzachbtw,7845,984,14
Dodgebolter,7819,846,12
Mikeyninja10,7812,819,11
TheLagGaming,7802,192,11
Poieon,7797,804,12
BrandonMP611,7738,188,12
bloak_,7684,63,11
Brte,7684,61,11
GigaDrake83,7684,121,12
MrBebb,7645,26,11
BlazyBlast,7642,640,11
SuRReNDer99,7637,210,11
BluishHaze,7571,856,13
Lvnic,7554,710,11
Naterim,7440,467,11
axoible,7433,69,11
ShiftySnowman,7410,694,13
HueyPenguin,7352,101,11
Fuey_,7178,181,12
OiledUpKevinJRD,7151,136,12
AsianGhosty,7095,397,13
IrishFootball,7060,137,11
Skullad,6998,3,11
Mr_Salty385,6947,607,12
91919191919,6930,732,10
_InsertHere_,6915,731,10
YellowishHaze,6865,557,11
TurningBear9564,6837,707,10
FloofyFlame,6814,664,10
vnlb_,6775,493,11
Mxrphius,6770,617,10
Kxm1,6734,652,10
Iamveryverylost,6734,582,10
Protatt,6717,531,10
oBatley,6716,539,10
oCaiiz,6715,347,12
ImNathy,6639,345,11
jntninja,6585,398,10
xyyzx,6583,413,10
Hentreeb,6566,654,10
Cabbage66YT,6547,934,12
Trickinator_,6476,652,11
crytai,6475,364,10
Thunder_XP,6432,234,10
xPlebNerdz,6406,264,10
Rhys_J,6402,295,10
5kiv,6328,184,10
DERFLOL,6305,398,10
LaggdLoL,6255,114,10
NikkiIGuess,6253,64,10
tsnaz,6215,612,12
EliStormm,6201,49,10
KRISch2,6200,572,10
EvelynCarrot,6189,26,10
_MiniFe4rl3ss_,6149,362,11
straightmeow,6109,58,10
Tooqaan5,6090,836,11
Omrooshi,5956,165,11
Dawld,5903,723,10
AmpTheDamp,5845,574,11
Skoma80,5761,42,10
KubaBabilon,5747,9,10
Apoppink,5701,222,10
maddy_roses_,5696,423,11
oError,5643,438,10
0ptionalLabor,5593,397,10
VolcanicRJ,5533,49,10
Meowhavior,5504,406,10
InfamousPotatoMC,5480,580,9
oGoofsta,5477,645,9
Seditionist,5470,337,10
IcyKittyCat,5463,742,10
stvbbs,5437,820,11
JakobaMC,5424,563,9
qhrisxy,5421,597,9
rAnble_,5386,494,9
xPanderr,5375,526,9
CandiiFlozz,5353,614,10
MutantSabretooth,5336,544,10
bruh3123,5333,458,9
cDylxn,5307,431,9
KevinGoof,5276,642,9
DaniVersy,5274,614,9
Dr_Brandini,5274,101,10
Kasra737,5261,132,10
Kudlez_,5236,380,9
FoxyTheYapper,5214,313,9
Chaperino,5213,377,9
NotEntity,5083,230,9
xd_Bayern,5061,290,10
Sivinty,5061,221,9
Chazxa,5058,200,9
Viilmer,5043,158,9
Bamzyyy,5015,251,10
Noxicate,5014,227,10
FireFrqst,5007,135,9
WemBooTV,4991,150,9
Dolpheney,4985,106,9
shauqi,4982,346,11
Abas_mti,4976,555,9
TyphonG,4973,94,9
Blazing5,4914,104,10
TNTDEM0N,4910,271,11
skajlipon,4904,29,9
FROMUPTODOWN,4900,265,11
darkerux,4882,68,9
XVRZOOMER123_,4872,8,9
Ne000000000,4846,16,9
Tacogaming123456,4843,54,10
RedCrapped101,4841,430,9
bagelcracker,4834,389,9
GeneralSheep_,4816,42,9
Stichea,4808,602,9
ItsTi,4791,152,11
Malvare_,4777,34,10
NotCbop,4775,23,9
Helient,4729,548,9
itstaco_,4654,478,9
Sackred,4650,45,9
llyon16,4649,19,9
ItsLbj,4537,108,9
MrSpikez,4477,591,11
OrangeishHaze,4464,687,10
dakshkarnalmc,4420,100,10
wTeri,4362,45,10
Asping,4352,466,11
Wuakc,4321,41,10
Ibuprofen___,4278,522,8
P00PYHEAD123_,4263,518,8
fishrrr,4251,557,8
SnorkelMoses,4240,470,10
Udtorn,4230,358,9
Zingzy,4222,450,8
BR9790,4221,440,8
LukeEDude123,4211,443,8
yay7,4205,438,10
saylem_,4195,0,9
ImASewerRat,4182,44,9
13Bubby,4179,409,8
Typhoono,4173,469,8
SamyEclipse,4172,417,8
Igor_Z,4162,292,9
Dequaz,4147,432,8
JDFireShot,4142,361,10
Typicalbeast0,4139,435,8
Dishal,4135,373,8
ycaLrcirouqiL,4123,370,8
LogyBanana,4113,366,8
Aggeliminator,4111,394,8
madmax_69_,4095,590,9
oEnvyy,4085,598,9
Alxn2Smooth,4057,276,10
PlateofRavioli,4045,587,9
_axes,4020,515,9
YoshaBoss,4016,522,9
Justacupid,4007,236,8
PJMonger,4006,124,9
Salad1,4000,114,11
baskiboni,3998,224,8
Bluejuice4,3961,87,9
Zolvd,3959,462,9
NotSherpa,3931,215,8
Sconny22,3926,376,8
xNotCool,3922,194,8
yxmart,3918,437,9
FiremanRD,3895,132,8
Yasamas,3889,551,8
Vaasi,3887,135,8
CfrogThePro,3886,119,10
Kingwilleggs,3884,94,8
GTurtleM,3871,162,8
rbga,3869,136,8
iSiqht,3864,733,10
Acesiki,3863,122,8
expellY,3862,526,8
Meownted,3849,360,9
Archeol,3802,41,8
OTTIDERC,3797,65,8
ChromaLive,3791,32,8
_ItzPuggy,3790,27,8
Ninjy_,3789,44,8
CertifieddMC,3787,130,8
woahlife,3781,293,9
LGBTQI,3774,275,8
Glitch3959_,3693,343,8
xAntH0s_,3682,32,8
thomblue,3675,349,8
Tundryc,3671,39,8
andantet,3664,12,8
cFelix,3653,126,8
Ikkeullim,3649,331,8
Lizzie543,3619,118,8
_MixTrix,3613,579,9
MatrixMation,3611,158,9
Fanojuyg,3585,244,8
moonybea,3582,574,9
Unacceptableness,3571,254,8
NotAreo,3570,22,8
chaoscrafting_,3507,161,8
Triqary,3487,412,8
farbrorjoe,3475,161,8
lime9,3458,438,9
VelvetAshes,3431,98,8
TheDarkGuy_,3427,412,9
Redlys,3407,331,8
goofinqte,3396,305,8
Latemoha1234,3379,30,8
Silvarro_,3354,223,10
ItsJustKrusty,3350,265,8
SmallTwig,3324,310,9
Dark111008,3312,461,7
Frobery,3303,348,9
ChiBees,3301,455,7
ActuallyAxo,3289,186,8
Maggy76,3281,465,7
Infinibee6000,3280,418,7
MRJGAMERX01,3261,444,7
Darrk_Cobraa,3259,227,9
skyoreos,3253,230,8
potatoman756,3249,466,7
Cheestastic,3246,416,7
PlutoAndreas,3242,199,8
Charcoal4,3239,431,7
Kiplrs,3230,195,9
zazacrazy,3221,427,7
Sygnalbine,3202,424,8
Jam0800,3196,400,7
Raneter,3186,353,7
Gre1000,3177,88,8
daviidsolos,3173,157,9
hellotherechild,3156,318,7
Overfluxxed,3153,86,8
TSM_Fire,3124,320,7
OiledUpKevinEGC,3121,355,8
Falcaograve_,3114,263,7
Mister_EG,3113,348,8
FallEvelynn,3105,252,7
Crungie,3090,244,7
SleepyPoland,3088,610,9
K4VANAGH,3088,338,7
Pxngwin,3084,281,7
Snowfsi,3072,246,7
GizzeMisse,3062,320,8
wrrf,3050,24,9
_MiniCarlos_,3050,233,7
Grendash2,3048,221,7
JustMourad,3042,201,7
OverFail,3034,197,7
_Blocks,3028,339,8
blpnd,3026,179,7
Quirky_Clo,3002,229,8
SiegeLink3,2996,199,7
TheAttackBread,2989,167,7
TechnobladeKai,2989,170,7
supermandasbaby,2984,205,7
PawtionTape14,2982,287,8
BlazingGreenFire,2975,142,7
Viglot,2974,496,9
Froma,2968,195,8
OceanSeas,2964,159,7
RedisaPigeon,2963,141,7
Baccs,2954,174,8
twizzlermc,2954,151,7
Clovish,2953,377,7
FaisMC,2946,123,7
Bobby765432,2942,109,7
Rafay1931,2926,127,7
Itaitaitay,2924,85,7
gihc,2920,532,8
CoolestGreen,2916,144,8
DanganronpaJunko,2912,130,7
AW2070,2859,92,8
Brinj,2858,44,7
yShadowy,2856,248,7
Frogqie,2851,52,7
Soupyoosh,2843,35,7
zBluey,2841,27,7
Mikukasa,2834,6,7
PurplishHaze,2832,354,9
Classicuff,2820,78,7
PizzaSliderr_,2817,426,8
Sprite790856,2813,421,8
renshie2,2811,4,7
puhisquid,2804,36,8
fishyguy12345,2802,11,7
FleeBroz3,2797,147,7
GGnnnitsuD,2778,381,7
GitpaT24,2775,12,8
CaffyPanda,2772,398,7
Kaydence_L,2762,350,7
AustinGamer8889,2754,4,8
FakeTurtle,2751,365,8
Alarvic,2742,359,8
Sniper5759,2730,252,9
MrNgHc,2725,160,7
SbGe,2699,318,8
calieco,2670,259,7
Nature_Scientist,2668,287,8
Bacondogs7,2655,93,7
PokemonMaster345,2637,250,7
Archipies,2637,254,7
UltimateMorot,2630,42,7
Number1MuhiFan,2627,228,7
Harold2208,2623,35,7
Frogzss,2606,203,7
XVRBEDINSPECTOR,2579,204,7
Gtheman005,2571,413,7
GamingSuit76,2541,388,7
iRaqoon,2534,394,7
bzrkLIVE,2517,123,7
kilkugoofer,2516,360,7
Beowoof_,2512,125,8
FireBeastMode,2505,342,7
Gassie1400,2503,85,7
_Joekr,2483,75,7
VaultMechs257,2470,76,7
UHCGUY,2434,38,7
ScarIsBad,2432,47,8
zimblobwe,2425,42,8
admulo,2411,361,6
cheeetahs,2408,40,7
uPizza,2406,352,6
JavaJosephE,2396,360,6
IInvex,2388,367,6
xStarzyy,2387,339,6
DrazilX_,2386,343,6
hiitzhunter,2375,457,8
Aidengreen123,2375,334,6
NeonDJ,2362,242,7
jc_th3k1ng,2360,298,6
nitaygang183,2347,338,6
NubNation,2341,291,6
LinedParsley,2341,288,6
salokx,2341,423,8
Rafsa_,2323,270,6
Nomnom1st,2323,405,8
oShqdows,2310,155,7
Habeodemens,2296,286,6
Fallbean,2295,271,6
AdamBul,2294,295,6
Cuttys,2287,269,6
Meowtain63,2286,249,6
Ashypants_,2279,231,6
Lyxite,2269,146,7
McHunt132,2268,233,6
Aaronlikesbacon,2264,234,6
EeveesXM,2258,432,7
Sadluxxer,2253,214,6
Shrmie,2252,243,6
C0RNEAL,2248,208,6
T533,2246,213,6
catboygrudge,2241,91,7
T3apot_,2241,199,6
Mitchell00,2237,319,8
HiStuffGuy,2234,418,7
saddito,2228,404,7
Mang0lius,2223,203,6
oSzabi,2221,199,6
owntro,2215,63,7
Katny_,2195,134,6
2_turnt_terry,2191,169,6
IsaacTheWaffle,2190,219,6
Renzo738283,2184,172,6
Crabinaboat,2182,129,6
CrescentedRadio,2176,151,6
MeowSlices,2172,13,7
Sacronix,2167,14,7
ollyfr,2167,163,6
pikachu_girl9,2165,35,7
Lkactus,2163,137,6
Sw11per,2153,141,6
MinecraftEndoz,2153,333,7
Ilusion257,2149,87,6
EGoofyE,2143,346,6
thedoctor1655,2137,105,6
Just_Pingy_,2134,94,6
Batiguess,2132,94,6
owlsarecoolsmsss,2126,289,7
MrMeineck,2117,75,6
AvgWhipEnjoyer,2105,292,6
v3xiie,2102,88,6
webzs,2099,47,6
OnlyGolden,2097,268,7
CEAN0,2092,72,6
CandyCanesForU,2091,275,7
yMaxy,2088,52,6
Bloo_d,2083,45,6
Redroi,2082,65,6
L0stare,2080,243,7
1Jisu,2079,41,6
Vanhus1,2079,20,6
miausoph,2078,35,6
ToastBotz,2075,100,6
Ender_Shadows162,2075,28,6
Xdkill,2073,60,6
Redd2,2070,22,6
technoblade883,2065,239,7
BoodonHD,2056,234,7
Remydow,2045,241,6
Mxdel,2042,229,7
Ivanthesavior,2041,14,6
Ubuyashypants_,2040,42,6
ItzClutch9,2033,11,6
Cryptzz_,2031,237,6
bqnnersweat,2029,36,6
SnitchMC,2020,19,6
Delano_XD,2010,192,6
KokoJenn,1989,71,8
guidot,1981,24,6
FemboyPlush,1966,347,6
hbub,1944,111,6
CursedArrow,1922,302,6
RatQueenGaming,1920,323,6
YamSabag,1905,462,7
Apoller,1902,459,7
yumeowlol,1900,67,7
Top1IndivPlayer,1896,78,7
idoubleup,1892,73,7
LukoZade,1889,301,6
aYeetus,1878,46,7
VentiBeast,1866,423,7
IllegalSomethin_,1859,36,6
its_kajuju,1858,45,6
BreadEaterPeter,1837,10,7
Kryptic1llusion,1834,0,7
CalumStagman,1832,11,7
bubblesepa,1831,25,6
MysticGalaxy_,1831,42,6
EnderTech25,1829,386,7
Linnc,1828,35,6
chionophobia,1823,380,7
luisf1234,1802,181,6
MiniMaestro,1800,177,6
McEd8,1790,4,6
YourFriendlyDuck,1786,343,7
SpectralBlue,1784,177,6
LeonardoPLK,1777,161,6
TurtleOnMC,1774,10,6
X_Comobie_X,1772,177,6
LlunarLlama,1763,150,6
daddydrained51,1742,377,6
joechris44,1730,326,5
TheHiddenWill,1730,373,6
PhantomIDK,1727,111,6
arbymax,1723,280,7
AmazingAl614,1721,94,6
Ushiey,1720,277,7
KomaSwirls,1720,354,6
Zhad0w_,1716,369,6
SeanMutantZombe,1716,111,6
BigDEALFAMILY,1715,321,5
SirSebik,1711,290,5
OceanGamesYay,1704,338,6
misscomunication,1704,289,5
speZyy,1699,82,6
harryWchilli,1693,329,6
Wsit,1686,307,5
Towoxiic,1684,241,7
woahplenj,1674,285,5
clarasolos,1670,227,7
seba_electrical,1670,227,7
SkyeButFake,1668,78,6
CyaNideJ,1668,44,6
CrisTheGuy5,1666,73,6
5leepy_b0i,1664,267,5
Ninja3201,1664,51,6
TTStars,1661,259,5
AutumnsBreeze,1659,276,5
IamLexx_,1657,246,5
P3ngu1nPlayz,1656,257,5
YoYoSlime,1654,287,6
telephonicblast,1653,250,5
SpeedyChillz,1647,52,6
KOJX,1645,223,5
Xam32TheAwesome,1642,249,5
GorgonMagnifi,1641,239,5
eepers__,1640,257,5
isthiscole,1637,194,7
IridescentIrene,1635,242,5
oZunk,1635,285,5
itsgg,1625,259,5
GamerEthan23,1625,233,5
Tachnobledefan,1622,230,5
Lihtyy,1621,245,5
Valuedspy,1619,43,6
compym,1617,258,6
AquaDragon360,1613,215,5
BountyBoy226,1613,224,5
Phantom_type,1612,253,6
Bruh_masterBO,1609,241,6
Mr_Bird__,1607,208,5
_Skibble,1606,223,5
banterlion,1602,235,6
ChrisBones,1594,236,5
_Ja11,1578,171,5
IgnBryant,1568,204,5
polyphasia,1566,201,6
blublublublu,1564,165,5
Illicit10,1564,121,7
Ariacuno,1562,247,5
woiw,1561,186,5
JohnDiced,1560,171,5
CookieKyle,1557,176,5
Rohan2202,1556,151,5
Coxst_,1555,173,5
Mydlinkaaa,1554,183,5
gooftwins,1553,167,5
Kocaka,1552,143,5
RandomBeans_,1552,189,5
rrreeeiii,1546,182,6
LargeEpicMan,1543,200,6
IdkaNameS,1540,224,5
penguinpower521,1536,139,5
SharkFinlay,1533,174,5
Bow85,1529,153,5
sydowen,1528,260,5
AltyF4,1527,115,5
TimeForSlime,1523,140,5
Snixx1028,1521,120,5
ySoEvil,1516,146,6
7kay,1515,151,6
DoctorNinja1,1515,139,5
EvilAlex_,1514,147,6
yxlloo,1511,144,6
XayBrazy,1506,99,5
Mxyah,1505,191,5
TNT_Miners,1503,143,5
Mac_AndCheese_,1502,116,5
sapwn,1493,114,5
WhoMadeThisAcc,1493,89,5
MutantKrait,1492,79,5
Torteal,1489,142,5
xAppL,1483,115,5
GooflockG,1480,106,5
Astrayics,1480,101,5
ikonokii,1480,80,5
SnowQJ,1479,111,5
Big_BOI8849,1479,80,5
DuckGoh,1470,102,6
zzenlan,1467,64,5
FoxAnimations,1464,105,5
JTensei,1464,111,6
Mixunity,1464,71,5
Slqepy,1459,309,5
GaviTheDeath,1458,59,5
BoxxzT,1454,80,5
FroggyDoesStuf,1452,257,5
ArbowLIVE,1451,73,5
Deadvid,1449,281,5
Adwertise,1449,30,5
PwincessCelestia,1448,54,5
BizzySlayer3,1447,34,5
AsteroidOwl4565,1444,34,5
McK0ala,1439,54,5
OriginalQuote,1437,41,5
Nightkai,1435,72,6
Chonky_Seagull,1434,54,5
Goofels,1432,95,5
xMisted,1430,47,5
Felyniaa,1430,45,5
Topqz_,1429,384,6
Potzkar,1428,67,6
TboyTurbo_,1428,32,5
pupgamingg,1425,21,5
Coxst,1424,66,6
MiddletonManiacs,1423,28,5
rypantslegendpro,1422,21,5
oToadd,1420,53,6
P1zzaTime_,1417,67,6
MsEvans2,1415,370,6
MochaPrism,1415,123,5
Dillos,1415,24,5
ElectricFreezer,1414,27,5
Riftkey,1414,256,5
masmarvelous,1412,128,5
NotKevin,1410,41,6
dunkinlmao,1410,258,5
Zeiraaa,1408,36,5
BadKarmax,1405,25,5
TechnoFaker,1403,2,5
ArcAngie0,1401,81,5
Vampy_Goof,1398,11,5
MonkeCalledMonkz,1398,11,5
SirTAC,1397,64,5
LobbyLC,1396,26,5
Antoine3100,1393,40,5
YQA,1392,25,5
Thisismyname,1390,71,5
Noxlcate,1386,101,5
DuckyWins,1380,15,6
BenWester81,1379,205,5
_shadowofcat_,1377,19,5
DosPuntsTres,1368,61,5
RTempMarshmallow,1367,203,5
oHealth,1358,53,5
ySoFat,1356,17,5
EthanLGJ,1354,7,5
snodmystaahh,1344,42,5
ZHopes,1340,295,6
Prism_DAR,1329,24,5
Lunapie20011,1315,10,5
GrippiDab,1315,29,5
brhh,1312,144,5
KnowerMeh,1312,267,6
DJHusky21,1310,175,5
TheAwesomeDonYT,1302,150,5
CyanFire_,1298,121,5
slals,1298,136,5
destroyer_KD,1298,0,5
maiyoepataytoh,1295,18,5
Kaylesh_,1289,244,6
TheHiddenVoid,1288,228,5
Avologi,1282,310,5
Bxgfoot,1282,118,5
Revolverz,1279,115,5
Agent_astor_126,1272,89,5
OThunderie,1272,115,5
PEEJ45,1266,221,6
Shxd0w,1263,295,5
Meowtwist,1253,208,6
xtesoy,1253,280,5
WhoMadeThis3311,1247,69,5
oDuckk,1246,8,5
Chesic,1243,198,6
itzmeSZ,1239,280,5
WalterPlays,1235,66,5
sleektg,1232,54,5
HoodieDuck_,1226,261,5
Stumberr,1223,73,5
eklyst,1216,60,5
Vrampage2004,1204,159,6
Dabmaster0,1201,231,5
Blanba,1195,216,5
NolanZz_,1182,137,6
xGo0f__,1172,20,5
BoyGamerTV,1169,124,6
oWexx,1166,19,5
SBARKY,1166,121,6
Redior,1164,260,4
MicsQuad,1158,4,5
Ashpent,1157,193,5
o_nanos,1156,260,4
lUl9549,1147,257,4
NeonDelta_,1146,101,6
Envux,1144,253,4
evaxl,1131,259,4
FynamoKidz,1125,146,5
RyanIsHere101,1125,156,5
Cooleygam,1125,241,4
Kipey,1121,243,4
FlashPointKilla,1115,70,6
infernofox12345,1112,151,5
GizmoCookie,1111,224,4
Semibruv,1110,237,4
MrMelon_Pult,1107,260,4
DustCa1lop,1105,223,4
Sweetcorm,1104,231,4
Casualpotat,1099,233,4
schmuglbub,1098,213,4
casskittens,1097,219,4
Cheeseburger64,1092,218,4
Sxarhawk,1092,198,4
germina,1089,201,4
BugBoi__,1087,197,4
Gercules,1086,262,4
_purpl3_,1086,201,4
Xbee8607,1084,204,4
hariboSOLO,1084,219,4
N9pixel,1084,233,4
sealalert,1081,210,4
eweamy,1079,145,5
jrthemc,1078,207,4
LandonLegends,1078,123,5
Alleniisbig,1076,185,4
SwellestDuck517,1074,178,4
beebalding,1072,188,4
FedHex,1071,110,5
DanYeH,1070,183,4
Monarch_47,1068,192,4
ItzRYFT_,1068,100,5
Phosphorus_1,1067,182,4
ThePurplePiggies,1066,184,4
Owenish,1063,257,4
meowdeee,1061,82,5
FORGOTLOL,1059,196,4
absoe,1058,193,4
BubblesTheFriend,1056,84,5
L0staresMeowUwU,1055,180,4
LiterallyJynx,1055,257,4
Poke_Snivy,1054,180,4
Unbik,1051,173,4
GreenIsMyName,1050,257,4
Vramp_,1049,167,4
Dino___,1046,180,4
GamingGamerGirl,1043,159,4
Petner,1042,147,4
keelan1949,1041,249,4
crotz,1040,79,5
Chxotic_Max,1040,183,4
zycopink,1039,321,5
MochaCoderDX,1039,157,4
HotBanana_,1039,321,5
MysticKoko,1038,175,4
Squirrelify,1038,320,5
12thSoul,1038,171,4
AK5__,1037,61,5
JustAMarshmellow,1034,154,4
Cookie1105,1033,158,4
Goofled,1032,209,4
shleave,1031,59,5
Diamonds0C,1029,132,4
Kayahaa,1028,184,4
Krushka27,1028,140,4
Tyzxd,1027,61,5
Jasimoa,1026,216,4
ChrysTV,1025,172,4
Laxinum,1025,191,4
JustGlitch_,1024,147,4
TheKyngBee,1024,153,4
AirBreathMan,1023,152,4
EmooPlays,1021,151,4
ImLyme,1019,48,5
Big_Yoshee,1018,61,5
nora_is_live,1017,44,5
Param_456,1016,298,5
Xaderr,1016,52,5
Deerusername,1015,149,4
Valgoof,1015,133,4
Ir0n1c__,1014,135,4
wewy_,1011,293,5
OiledUpKevinGyat,1010,149,4
zPlant,1008,139,4
AceOfClovers_,1007,122,4
fischglas,1007,226,4
Mytthical,1007,135,4
1TZ_ST0RMY,1006,288,5
bleakpizza,1003,125,4
StezeyMC,1003,203,4
NedYa_YT,1003,118,4
TSTristan,1002,118,4
SUPERS0NIC38,1000,36,5
Deliryia,1000,96,4
woahtj,999,166,4
BlueKnight9690,997,139,4
IZAQ_,997,37,5
Cross237,996,215,4
Sn1cy,992,189,4
unleashed7863,991,204,4
mrgogg,989,9,5
ZakhailoMudryk,987,269,5
Dombers,986,115,4
_Pretze1,986,27,5
SpudMunch3r,985,93,4
NitroGaming,983,14,5
shotobai,983,265,5
Geckwo,983,12,5
plazaism,981,90,4
forbiee,978,260,5
lilmac426,976,109,4
JustIgloo,974,122,4
darkleonard2,974,92,4
Vic_YT,973,77,4
Spy_Games,971,253,5
AzOMatic,970,5,5
Bltzzen,968,250,5
staankoviica05,967,102,4
Orliix,966,248,5
Fymada,963,86,4
Rouadian,962,3,5
_Loqan_,961,91,4
ItzPine79,961,243,5
Awogoofey,958,88,4
DoomsdayII,954,67,4
slulumari,954,74,4
Konzid,953,187,4
Shroyoo,953,235,5
YoshiBerger,952,200,4
heppt,952,85,4
Atiso_,950,64,4
FractureIllusion,950,135,4
NotHimHAHAHA,950,151,4
Proxpect,949,231,5
Costifox,949,67,4
Agon130,947,75,4
TheMikeyikey,943,225,5
QwertytheOwl,942,99,4
ZeebraX_,941,146,4
KIRI_IGN,940,140,4
bluay_,938,77,4
AtomicWRLD,935,47,4
ImTwiggy,934,131,4
oSlain,933,78,4
Timaxes,931,40,4
frostine_,931,213,5
mateo6d7,928,39,4
ToxicBlade09,926,56,4
ScoogerVader,926,43,4
goofhere,926,97,4
Vincexy,924,206,5
SquekyBed,923,77,4
Crezzio,922,45,4
Mirit__,918,200,5
vuzc,918,38,4
WRUN,917,42,4
ILost3_0toSwight,917,56,4
_av3,916,51,4
15Flo15,916,37,4
Soty_Valentine,915,23,4
NeebwinMakua,913,151,4
_ICE_GAME_,913,33,4
Niks_0,912,23,4
InsomniacCheese,912,44,4
Knobkin,908,24,4
Xelvras,907,189,5
Guardianbrine,906,137,4
BladeDuckGaming,906,46,4
PookiePJava,905,14,4
Melon_Man3330,902,48,4
ToastedBr3dza_,901,251,4
MikeTheFatMan,901,9,4
_NinjaDude501,901,183,5
Glaciate101EXE,901,29,4
IBlameDeathOnLag,900,19,4
RequitedFlower,900,17,4
Distraction_Man,899,55,4
Lumaura,898,57,4
aquabee_,898,253,4
Dandy_Ragez,895,94,4
VirtualDragonn,894,241,4
Dude_a_Chu,893,13,4
1succ,892,24,4
VelidioV,891,13,4
giantlasergecko,891,6,4
Nugget_Noob,880,162,5
NodipChip,878,24,4
Voom9,878,220,4
Servver,878,31,4
quizky,877,223,4
TimelierBaker57,872,29,4
Xcarbs,869,151,5
Beaglez,868,211,4
scalse,864,240,4
cvrri,863,4,4
goofmithic,863,3,4
proximity_S,862,206,4
RealIsFake,862,64,4
Typhoom,859,207,4
anti_taaco,856,93,4
fruitmango,853,135,5
Jenju15,853,239,4
oErrorGaming,853,37,4
umendan,851,59,4
ItzBlake134,849,0,4
Slayzel,847,54,4
Ganecks,847,195,4
TheNerdMC,847,194,4
Sgoofsh,830,184,4
StormerYT,830,51,4
MudManSon,830,50,4
Perspective1,825,107,5
Cabbagee_,823,105,5
HeerTimmeowthy,823,76,4
ResearchLive,820,42,4
Trollster,819,101,5
Shiger_Tark,817,99,5
Nugdub,814,156,4
Barbeast,802,84,5
Tinyporkchop,802,84,5
echolyzing,801,22,4
JaiJa1,801,83,5
PTDestroyers,796,12,4
Robot55Ster,795,7,4
Zutto_,793,36,4
MeanAtoh,790,145,4
Expos0,784,138,4
AshleyyTwo,774,117,4
_MysticSoul_,773,119,4
JJNBlu,772,114,4
ThePinnacles,770,48,4
Argend,770,115,4
Zaridus,769,121,4
KingBlackstone,767,119,4
zMatz,761,121,4
axob,754,119,4
ryu285,746,102,4
MudKryp,743,106,4
Kbnuy,742,89,4
anqiz,740,22,5
Finmin_,737,19,5
Cronical,734,95,4
meta64,732,91,4
Pyzax,721,73,4
rac_legend77,711,256,4
ADeadMeme003,708,253,4
BestJolteon,704,51,4
ashbrews,701,246,4
Skelb0,697,242,4
Not0minous,697,201,3
DeclanGaming14,694,198,3
Floxylak,690,201,3
wozbee,686,195,3
Aaronchen28,683,185,3
PrivateChaos4,681,189,3
_rafx,680,193,3
JaizenJaz,679,192,3
AaravGameBoi,679,191,3
Akoumora,678,195,3
perfektes,678,28,4
ArfSnarl,678,199,3
RektByJon,678,223,4
Embrynn,678,107,4
Bkwhyte,678,187,3
Rwish,677,183,3
Quackzyy,677,20,4
Strajkopajko,675,185,3
Pyro0TV,675,179,3
rxsesanddiamonds,675,220,4
Mifkl,675,202,3
GammaTwo,673,173,3
TheFox580,672,201,3
Quxp,671,34,4
mrowna,670,174,3
w_nter,669,15,4
FreddyFrostbear,668,189,3
ashfromupthere,668,213,4
Jorrit123,668,174,3
FRACTUR3D,668,182,3
Svenn1eboy,665,210,4
Overflow32,665,185,3
XavierWorthy,664,209,4
snakeboxed,664,6,4
Cinnameme,664,209,4
SamP710,663,184,3
spoopsiess,662,176,3
sketchmm,662,194,3
BeeA_Friend,661,161,3
______kat______,658,165,3
ArhamA,658,163,3
tappyboo,658,175,3
XoticBMW,656,171,3
otMiaubo,655,165,3
XVRJ0SH,655,174,3
RyanGamez6901,655,198,3
lowfiiiiiii,654,185,3
vfruitman,654,174,3
Stulk_,653,8,4
L1zzy_,652,195,3
PimoWernet,650,195,4
nanagerald,650,166,3
Thyzt,649,194,4
Lyndon2020,647,169,3
TheLexip,646,160,3
Technohlade,645,190,4
Marinos353,645,3,4
WhiteChild69,644,146,3
SuitSlices,643,3,4
Xstevey,642,187,4
OrnateLeopard75,642,187,4
G3rmany_,641,167,3
shammyo921,639,181,3
MeowSlap,639,153,3
_Tore,639,0,4
charzardv2,639,1,4
Beefing_,635,180,4
moodycerise,635,144,3
BRUKSVARA,634,156,3
AgentBOBplaysMC,633,136,3
Adebay,633,149,3
Stellrrr,632,157,3
Tacoduckz,631,142,3
1gravee,628,142,3
CharlieIsFine,627,150,3
RichCta,627,151,3
TheDirtyRowlet,627,145,3
YoPatches,626,138,3
Firetouch01,626,151,3
LlamaLam,625,170,3
McNuggetoulis_,625,151,3
Syhphr,625,170,4
Banglider,625,133,3
DeathFan,623,168,4
lackyz,622,167,4
Rosamoosh,622,132,3
keylia,621,132,3
PandaRobot42,621,129,3
crischutu07,620,123,3
Piffin380,620,139,3
MeowneMiku,619,146,3
FloomShroom,619,136,3
xdColdClaw,618,156,3
loserdom,617,153,3
Scopophobiaa,616,143,3
monkeynick123ooh,614,129,3
CluLessBird,614,159,4
Kahibo,612,134,3
PaddyHarmonica,612,132,3
Dany1263,611,121,3
Saiyana,611,144,3
elitecombate,611,163,3
mrkwi,610,120,3
ZeroTwobrine,610,155,4
Chmura2357,610,121,3
Audit_Lag,609,125,3
SpaceFl1erz,609,144,3
RazerFirez,608,118,3
Thegamingduck_,607,126,3
HPMoo98,607,131,3
JVGCraft12354,606,135,3
lactoesss,604,159,3
CatFelixPRO,604,134,3
KYEcho555,603,118,3
ElectroDragon23,602,108,3
PepsiTrain26,601,134,3
CoiledSubset44,601,154,3
NotToxk,601,124,3
XmanNinja,600,124,3
ItsTheoXd,600,107,3
xKyoi,600,118,3
SevenBerry82689,600,107,3
_803,599,121,3
Phantomized,599,170,3
voinz,598,108,3
KPPxBitsquiddUWU,597,117,3
Tiddleyglint,595,103,3
Sky678932,594,112,3
magooracer,592,137,4
HiHungryImTom,591,102,3
ItsTheNathan,591,102,3
SapfixxTV,590,95,3
OP_Riptide,590,112,3
Scorchyy_,589,112,3
vibesnek,588,121,3
heroboy44,587,139,3
SJDB,587,110,3
RangerDC,587,104,3
bugthesillyest,586,110,3
Goof_7892,585,88,3
Wolfscape101,585,110,3
Zachary2b2t,584,117,3
Rain_OnTwitch,584,98,3
DaniMilksops,584,186,3
Barbar31,582,95,3
boxods,579,104,3
NotNeon4k,577,88,3
Supernova1738,576,94,3
Sssylvan,576,112,3
PingEm,575,101,3
Flow__,575,179,3
TThunderMC,575,177,3
SnowieStick,574,80,3
beanzonduck,570,74,3
MrKRAKston,570,80,3
DreadCarrotZ,570,96,3
MPP2thousand,570,103,3
awKitten,569,83,3
TronixToad,568,113,4
GamerbtwYT,567,89,3
AdonMrPika,567,86,3
vaxtrisity,567,73,3
Caracql,566,172,3
CorruptChimpYT,565,75,3
AsianTerranin,565,79,3
Firpo1,564,173,3
CoppeRoseBush,563,108,3
hvbuddy,562,84,3
Niek2013,561,71,3
noahdeluxe,561,73,3
_dexter_MC,561,79,3
Gooftrical_,560,102,3
APurplePenguin_,559,179,3
Skyerus,559,73,3
HazTuki,559,80,3
SpaceP0tato22,557,86,3
laidbackcouch,556,74,3
IcyPenguin11,556,93,3
FREIxKIDD,555,75,3
Kokirri,554,95,3
KatsExistance,554,79,3
Salamatu,553,153,3
Lutraa,552,59,3
iliketowns,552,72,3
yyyes,552,55,3
S7or,552,76,3
ColdN3SS,550,80,3
DerilMC,549,75,3
SkibbidiSigma,548,79,3
ObiWanKenobi68,547,56,3
Stefio_Pie,546,49,3
Kornilis,546,52,3
thatfairyperson,546,53,3
Im_Kev,545,85,3
CutTheCable,545,93,3
Grajkowik,544,154,3
RVM3,543,52,3
Night_Club,543,81,3
Rokklz,543,83,3
GunnyDub,542,51,3
RatkingGaming,541,86,4
Necromanceris,541,89,3
Zetrro,540,141,3
Katseye_,540,45,3
Flixsi,539,45,3
Falkenfalken2,539,56,3
_Nosey_,537,151,3
Doveie,536,49,3
Codezoom,533,42,3
T0blerone_2,533,146,3
stuww,533,39,3
Slightlly,532,56,3
Ilovekitties555,530,51,3
enriccoo,530,45,3
gooferami,530,44,3
Vambee_2,529,47,3
skepiwi,529,48,3
Ihavethetech,528,31,3
ItzSuna_,527,39,3
Scytherus,527,134,3
Atluem,527,135,3
DoNotShoot,526,52,3
BeastPlays_,525,33,3
WubDub_,524,33,3
_minibrad_,524,24,3
Legendotcom,524,69,4
SoulCrow1,523,45,3
Lennyboy1506,523,81,3
gavot,521,41,3
Madman91YT,521,25,3
A_Xander08,520,43,3
KidsOnJah,520,26,3
Rift115,519,122,3
PippsaTrash,519,37,3
Skeppy_Amp,518,128,3
TheMCCGuy,517,19,3
Just_Kairos,517,35,3
StrummerT,516,61,3
ThatDudecChr1s,516,49,3
Chocolate7934,516,36,3
coterminator,514,26,3
vempireAYO,514,41,3
Sinterny,514,35,3
aFrung,514,46,3
somebirdgal,513,52,3
Ghostly_Rat,513,93,3
Saroo257,513,61,3
Wotez,513,44,3
italize,513,20,3
PogPlayz,512,24,3
GGgamer73,512,30,3
Greebler,512,26,3
Hivemxnd,511,24,3
SageCatt,511,29,3
iBasicBee,511,31,3
PlentyIntegers,510,22,3
blueomega10,509,15,3
QuarkTV,509,24,3
JSharps7,509,124,3
SuperKoalas7851,508,39,3
DaizyDragon,508,25,3
Kartoffelpotat,508,29,3
NotARealPerson6,508,101,3
_MR_Glitch,507,115,3
BaklavaKid,506,17,3
1oseph,506,42,3
OiledUpKevinMilk,505,31,3
SmileyDimple,505,13,3
DqubleV,505,105,3
GoofDayz,502,27,3
Snakescore,501,35,3
Vivavic,501,43,3
TheClassySuit,500,4,3
rougex15,499,70,3
TylerSnow,499,29,3
CreamyCrumble,499,107,3
PepperX_X,498,45,3
gytdzzi,498,51,3
KleinCitroentje,498,9,3
Adira69,497,21,3
Lemonaura,497,30,3
ShrubTY,496,107,3
UrLocalKebabShop,496,114,3
SukoruXD,496,96,3
SourishCandle69,495,10,3
Spacevoid06,495,23,3
kinsam,495,17,3
aazteca,494,26,3
Sc0pophobia,494,15,3
_OSR__,494,112,3
Limpiid,493,20,3
fathermonkeking,493,11,3
ItzNevoy,493,24,3
Improver_,491,96,3
awesomeandcool,491,0,3
GDJaman,491,28,3
OwisedYT,491,11,3
animalcracker356,491,18,3
Randomiezr,490,101,3
DDG_ROBIN,490,13,3
aksh6,489,6,3
zSammys,489,31,3
Dharshan,488,29,3
Hujila,488,1,3
HayleeSP,488,108,3
TurboGem,487,1,3
YaBoiRene,487,29,3
loneArk,487,9,3
sqkio,486,5,3
SeanoTM,485,16,3
7PugPies_,485,4,3
StrikerLPB,484,32,3
MrManzo,484,9,3
newbags,483,88,3
Cheekyio,482,8,3
Kingscorcher,481,91,3
cers_bard,480,1,3
Sindre_smurf,480,98,3
Focusingpancakes,478,6,3
CrpPlayz,477,16,3
Orange364,476,21,4
Grimnit,475,90,3
Parkerjd7,473,84,3
OPSoGDashing,473,33,3
_hiih,470,11,3
DemonicReaps,468,64,3
GingerNuggy,466,3,3
kewll,463,8,4
Aaronzy,462,10,3
CarrotCakeMan,461,65,3
HiVoid,461,87,3
brahmem,461,8,3
Xanyu,460,75,3
X_BoxMan_X,458,118,3
that_squid_dude,456,28,3
Jinimoo,456,73,3
ELJASO,455,66,3
ItzTan737,454,1,3
Suun_o7,454,13,3
Mattpizza,453,58,3
ohZenith,452,201,3
TheWolfJ,450,52,3
Kup1995,449,198,3
MaxSL_,447,28,3
SwayOT,445,194,3
Mr__Yessir,444,47,3
ChazarusDre,444,193,3
W0rth_,443,59,3
derpyKam,442,43,3
Hedrix,442,59,3
Glowhead123,441,190,3
StarTomcat,440,189,3
Siang_Hai,440,79,3
Kakashi_Hogake,440,59,3
ItsTheMeta,438,54,3
J4yB33,438,187,3
DancingGollum,438,51,3
noah26hj,437,37,3
IDoALittleBit,437,55,3
BeachMC_,437,186,3
SethKingOfRats,434,183,3
PokeGirlMaxie,433,41,3
Knight_Bread,433,182,3
mrtaco7,431,48,3
goof_soup,431,0,3
sncm,430,8,3
TechnobladeO7,429,178,3
FawnAardvark,427,176,3
MickeydeVos,426,36,3
R3dB1t,425,174,3
zDelete,425,174,3
ItsZel,424,57,3
TBalpha22,423,172,3
DeSpeed,423,24,3
_0Gamer,423,30,3
MxdelFan,422,32,3
Graytor,421,32,3
MudkipBoi14,421,22,3
Sozzying,420,169,3
Amethylst,419,19,3
aroouys,419,168,3
caycezx,417,30,3
CookieDohhh,416,165,3
RicoPlayz__,416,24,3
Top1Sogie,415,35,3
lqour,414,163,3
GoatedFenris,413,26,3
Stampz_,409,14,3
meow_card,407,3,3
PinchPlayz,406,23,3
IDKWhat78,403,11,3
iiGirts,402,2,3
wistry,402,3,3
AntiBiscuit,400,3,3
SPOGEBOO,400,17,3
IzzyFloofZ,400,25,3
qHusky,399,22,3
TheAquaPho3n1x,399,148,3
BroWo9,398,23,3
LightLynx_,396,16,3
HorridDreams,396,145,3
Pedrinhocas,394,143,3
BenAlwaysLoses,390,0,3
HaleyStardewSimp,389,5,3
signitically,387,136,3
ItzFrxstyXD,387,136,3
WhyG_,384,7,3
xFrosties,381,130,3
TwitchyW,381,3,3
GeorgeDripington,368,117,3
CyberZeta,366,115,3
Bow_Combo,363,112,3
s4va,363,112,3
Fruitberriiess,353,102,3
Hashtagie_,349,98,3
Kylorosh654666,347,147,2
EpicJoshie,347,147,2
hellooothere_,346,145,2
Ducky4090,345,148,2
Tanow,345,148,2
ThatDarkPhoenix,342,141,2
KingElliotXD,340,141,2
Nemyl,340,141,2
P1cks3l,340,142,2
BenniBlob_,340,145,2
Joeyfish1000,340,140,2
Yatschips,339,139,2
JustJodin,339,142,2
TheUltraRaven,338,141,2
0xDrMoe,335,141,2
LioTheLion_,335,145,2
JoseJoeyPeke,333,138,2
qwMinty,332,139,2
Redistic,332,138,2
TheRebooted9520,332,81,3
DrRudro,331,133,2
iDoIbuprofen,330,141,2
ParticleCM,330,132,2
tripleap,330,79,3
ILoveHytale,329,137,2
manglefowalife,329,78,3
AV8O,328,143,2
AmMinion,327,143,2
TrainMaster26,327,141,2
LilyLara_a,326,130,2
bakasus69,325,142,2
BraydoRaptor,325,136,2
LeticiaHD,325,133,2
Maximum_Riptide,324,123,2
SELFv1,324,129,2
Ancientkatana,324,141,2
Obsidian_Boii,324,130,2
XVRMOGUS,324,124,2
Kroby_,324,140,2
Jenrall,324,140,2
Jo_red_lack,324,128,2
tsw,324,147,2
viktorboi09,324,124,2
Meowisfied,323,137,2
jaydos2022,322,71,3
druae,322,136,2
Oak_C8,321,137,2
StarTube,320,144,2
Arcticsime,320,69,3
DubzFrost,319,131,2
N1njaz,319,134,2
Drainfeather,319,120,2
Heectc,319,130,2
Orangai2331,319,124,2
Yodatoad,318,119,2
SefiTheFrog,318,122,2
senercy,317,118,2
ThatCactusPerson,316,127,2
King_Kraken13,316,126,2
Garfzzler,316,117,2
zephyrash,315,115,2
NotCloudyMC,315,130,2
CoyoteRR,314,128,2
FRGQ,314,117,2
MrkvaMan,314,122,2
tetonicteddy,314,117,2
Marlokrilo,312,114,2
TenSHouslema,312,111,2
NotTobzy,312,131,2
1_like_m5,312,111,2
Orencio,311,115,2
Zakido,311,110,2
EventHowTo4,311,60,3
ZakTempo,310,123,2
WhoTries,310,119,2
Nwiket,309,116,2
warren_skywalker,309,109,2
qtElectric,309,110,2
LeBananaMC,309,122,2
BrodyWolfy,308,127,2
chiller_chicken,308,124,2
PadawanDom,308,120,2
onyxedd,308,116,2
StonePhantom20,308,134,2
ShroomyBee,308,109,2
PinkFriedPie,308,108,2
BirdBoiGames,307,118,2
Gredily,307,111,2
Lasl,307,106,2
BladePVP,306,111,2
Enlgish6,306,127,2
SWEET_ITYWTD,306,107,2
Mroff299,305,113,2
PrabsSSP,305,105,2
wKyro,304,53,3
coffeebeeez,304,103,2
Shuffle_mc,304,53,3
RosieNinjaGolem,303,117,2
voab,303,110,2
Sevior,303,118,2
vvTeri,302,124,2
TTkindboy,302,123,2
SpectreKnight,302,103,2
SME1TR,302,107,2
killboom1011,301,101,2
ComicSoon,301,101,2
eogteggs,301,50,3
YashaStayFly,301,110,2
MaxFellOff,301,101,2
Soyuh,301,119,2
Stranfix,301,105,2
CatLad69420,301,102,2
qfps,300,102,2
Updawg12,300,104,2
Kymerix,299,104,2
woahtai,298,108,2
Clowny_V3,298,101,2
Drlegend25,298,108,2
sunsrr,298,97,2
TheSxber,297,109,2
luvvur,297,96,2
Portalities,297,99,2
CraftisMineHun,297,113,2
timmyfent,297,96,2
ohbrooks,297,103,2
thatgirlvic,296,95,2
Fleur_Xedas,296,133,2
oMxchael,295,100,2
qTad,295,111,2
Kylo757p7,295,102,2
IzPanorama,294,104,2
CrystAxol,294,103,2
suesuee,293,108,2
Matixz,292,110,2
FireCreeper1015,291,92,2
MiteDA,291,111,2
chloe_meows,291,103,2
Oddegree,291,107,2
gonewashere,291,90,2
TrippsterO8,290,96,2
TheRealAlexis,290,102,2
BlueTigerSW,289,138,2
ibubble,289,105,2
Mr_Ocelot_Guy,287,88,2
BaccaDeww,287,89,2
Mynamesgabe1218,287,95,2
Core_I9K,286,93,2
Straignt,286,91,2
SloppyTTV,286,87,2
CHILE_GOD,286,85,2
DerpMask,286,85,2
SpectralArrow_,286,89,2
Alexcruzo,285,90,2
aimer_btw,285,86,2
Matlopita,285,94,2
ihatecountries,285,107,2
Inaguysbasemnt,285,85,2
ElectroLightnin,285,102,2
Stanovacuum,284,89,2
KnaidelZulu,284,93,2
MoonStarheh,284,88,2
waesd_,283,99,2
ShadowSkull_Void,283,85,2
Cyaanz,282,89,2
MrLegoat,281,91,2
Platypi_art,281,100,2
OwOKittenOwO,280,89,2
WitherSweat,278,80,2
GodzillaDragon,278,27,3
pootoot,278,79,2
EmperorEllz,277,99,2
oDerpytoes,277,76,2
Delisearoo182,276,25,3
yorgen_borgen,276,121,2
ImAYelloGuy,276,78,2
qrtisan,276,109,2
HenToPen,276,25,3
SoulXSpider,275,91,2
Htoon,275,80,2
12Virtue,275,80,2
lowranky,275,84,2
CaprisunLovers,275,75,2
IcyPurpL,275,95,2
soggyfrito39,275,84,2
TheEmuWar,274,79,2
TitleTown17,274,73,2
b812,274,74,2
SkajLiwier,274,76,2
Unripened,274,74,2
Crispy_Bacon999,273,73,2
Tussenhaakje,273,77,2
maybeamy,272,148,2
Its_Sora,272,82,2
bnuygirl,272,87,2
FentannylTester,272,86,2
DOOMStoneSKY,271,73,2
NotChaos_,270,77,2
rhydianz,270,70,2
Oversider,269,80,2
NeXuSoveVidea,269,68,2
sakurassa,268,77,2
Grenudo,268,68,2
TristanWasHere,268,81,2
BoneFlicker,268,69,2
JustCamXD,267,16,3
ChipCors,267,78,2
Krihffy,267,91,2
MartinMars,266,79,2
Durtel,266,66,2
_Kermitry_,266,84,2
AlphaD,266,79,2
ColeRoll,266,15,3
Brillenium,266,76,2
CxsmicEntity,266,80,2
SuhShine,266,92,2
CasualScreeching,265,73,2
jzfive,265,87,2
Trexterr,264,77,2
PajamaHead,264,81,2
MythicalRev,264,63,2
Fyebil,264,77,2
nathanCH0822,264,67,2
Vorite,263,63,2
Kubsonikson,262,72,2
CyaL8er,262,61,2
Arcticseal156,261,62,2
PurePainMarathon,260,60,2
Ungracefully,260,60,2
Claredini,260,82,2
LITDAV,259,79,2
Cycans,259,62,2
1Kit,259,62,2
fretopay,259,61,2
skywarrior29,257,81,2
PopcornPope,257,71,2
Furry_LIDL,257,63,2
Al4_,256,60,2
ItzTempestDL,256,57,2
KillerHippo_,256,62,2
Spzams,256,72,2
GhostDalan,256,60,2
CrewGrant,255,69,2
bracobalfoy,255,57,2
crackerbox1,254,54,2
Inandc,254,72,2
ItzDim2030,254,54,2
JudyHops,253,54,2
Vsolus,253,53,2
MewBlaster,252,73,2
LuckyL0v3,252,58,2
TotallyVelvet,252,68,2
TheFeldman07,251,60,2
PantsOnPanda,251,54,2
KindaCoolNGL,250,78,2
thumpmanu,250,54,2
StroppyFrame8,250,50,2
ivyeu,250,149,2
Aspexn,250,50,2
demmerz,250,55,2
Caidenplays1108,249,54,2
oskarxd124,249,60,2
Lunacate,249,148,2
Entwi,248,56,2
IJACEK_CZ,248,60,2
Lunatocity,248,60,2
LordSharkFood,248,68,2
JerryTheCarry,247,48,2
Daking___,247,59,2
astrelkin,247,51,2
usefulsister24,246,57,2
SomePerpon215,246,55,2
TchaikovskyMC,246,48,2
neverrandom,246,46,2
okTori,245,47,2
PenguinGooseB,245,48,2
Craoon,244,48,2
Txsted_,244,62,2
Lopensed,244,47,2
Finkr,244,58,2
zppm,243,44,2
nomik0,243,45,2
FruitlessGaming,243,47,2
ChessPenguin,243,90,2
microcreeper,243,56,2
Gazzza101,243,48,2
dvd_NA,243,55,2
Doozim,243,49,2
Bassdrops,242,97,2
1cocoecake,242,48,2
ChickenSushii,242,56,2
_Cicada,242,52,2
striddernon,241,44,2
GerwinT_,240,139,2
Retroblade,240,46,2
charmander15_,240,52,2
DaeiraDee_,240,49,2
Skonch,239,48,2
Ollie_World,239,138,2
Crazydog1435,239,45,2
Tiwaas,239,138,2
ohFunk,239,52,2
IcySyn,239,38,2
Drag_on0,239,46,2
mikey_swag,239,43,2
Pineconen,239,50,2
Monkey_gaming99,238,39,2
CatsProperty,238,47,2
unpaidworker_,238,57,2
SimaraSaile,238,41,2
ItzJimmy456,238,40,2
ThaRealDx1,238,44,2
kwibu,237,136,2
qiano,237,36,2
AtomicCherry,237,42,2
WhoLetDonny1,237,43,2
Nickboom_,236,74,2
ItsLaurynNicole,236,41,2
Zukios,236,35,2
MIT_MUD,235,45,2
Frosty_Snows,235,46,2
RazzaWoko,234,38,2
CapatinDanboo,234,34,2
NeonTitan1,234,36,2
DogeDominates_,234,49,2
kuL_,233,77,2
ItsNitroTiger,233,38,2
PringlePP,232,49,2
Dislyiked,232,131,2
vliegendhart,232,37,2
kostke,232,33,2
ImFrostYes,232,59,2
ZolvdsDaddyXOXO,232,37,2
IgnLezy,232,61,2
IdealTV,231,45,2
PatMonster101,231,49,2
smogze,231,39,2
Maafer,231,34,2
Super_Gustavs,231,41,2
Tabbed_,231,130,2
jimijamajimbo,230,129,2
poglin_brute,230,29,2
KinWasHere,230,44,2
MattisMatt2,230,35,2
NulledBird,230,33,2
CrispyChicken128,230,42,2
XenoCloid,230,42,2
Pebbs_,230,39,2
mrowtra,229,36,2
Limecicle,229,128,2
yellowomg,229,128,2
mvriee,229,28,2
Abuildingcat,229,54,2
VvoidVviper,228,43,2
JorialAMG,228,33,2
juinzy,228,31,2
Drackedust,228,27,2
raqus,227,43,2
bluelazer4376,227,26,2
FiLiP_hello,227,126,2
_Froz3n,227,54,2
Levram13,227,33,2
nncheck,227,66,2
Menokilla,226,38,2
izzywonders,226,37,2
Creekchub,226,27,2
Fortakill,226,34,2
wccd,226,25,2
HeyBaileyy,226,125,2
DeltaRGD,225,124,2
aquario2,225,26,2
good_gam3s,225,38,2
cizyowo,225,25,2
Kondrad2,225,38,2
ThatCarDude,225,37,2
SimplyAC,225,26,2
Docaloc20,224,25,2
westburn,223,68,2
Klaivlin,223,32,2
OCTAVIUS_SIM,223,39,2
PresidentNedia2,223,24,2
Kubiebee,223,33,2
Emperor_Panda_,223,44,2
daliyaa_,223,25,2
F1avours,223,42,2
Try_nuclear,223,32,2
Beavery,222,21,2
FattyIsACatty,222,37,2
M1sterko,222,30,2
AkaDoggy,222,23,2
OsgOliver,222,23,2
ElectrooWAVE,222,21,2
WoodenBrick,222,40,2
rainbowlucas,222,39,2
M3smer,222,46,2
nimfy,221,39,2
Catpotat,221,23,2
goateeman,221,43,2
Danes_,221,120,2
JasaTheFirst,221,34,2
Aprilix,220,22,2
Spongedog,220,119,2
Rysoko,220,30,2
x_Kyran_x,220,33,2
Geht8,220,20,2
G0jira_,220,22,2
Whalery,220,20,2
qLexii,220,23,2
W1fi0,220,42,2
MarcyMoods,220,25,2
rip_Crimson,220,22,2
ferrg,219,22,2
Comet445,219,22,2
Izak19,219,33,2
Lolmun577,218,18,2
AquaStabb,218,32,2
Lifeless_Dude,218,18,2
McSwagger69,218,32,2
SnowyYT_,218,29,2
FallingNuts,218,30,2
EddyDesu,218,19,2
2005HondaOdyssey,218,18,2
___slayz,218,22,2
TwistedKaiser,218,28,2
miauere,218,33,2
FlareBurnn,218,117,2
rdaug,218,20,2
SpeedyDeni,217,34,2
MrFadeFancy,217,47,2
itsfiredragon_YT,217,26,2
kayokat,217,21,2
MrCombat,217,116,2
TornadoSandstorm,216,26,2
Qbur,216,115,2
RagedCharlotte,216,15,2
wubblies,216,115,2
hellotherepix3l,216,33,2
samyesnt,216,27,2
ImWithered,215,31,2
Substantialstick,215,114,2
Jace_the_mind,215,39,2
SeaVolcano93990,214,17,2
AnnaTide,214,113,2
Helena7880,214,17,2
RogueWulf1,214,74,2
bxnd,214,20,2
Splat_er,214,27,2
KaschbyGames,214,33,2
Taisster,214,17,2
ourange,214,113,2
FMS_ACE,213,25,2
AvoidMyAstral,213,32,2
Noro64,213,47,2
Falkenfalken3,213,15,2
UwexSLO,212,15,2
Kaydo42,212,23,2
Eternoo_,212,34,2
_N01r_,212,18,2
Beauver,212,11,2
HabibPirateMonke,212,27,2
Blokky,212,17,2
LateLated,211,31,2
iZeaTurtle79,211,25,2
AttilaRo114,211,18,2
Art_EE,211,24,2
Jefero,210,15,2
Lucymira,210,20,2
heySilver,210,14,2
Loefy,210,17,2
Rittly,210,16,2
JackDaily,210,26,2
GhostOfTheHost,210,16,2
Manutdforlife1,210,49,2
Jimdimsam,209,28,2
Zairow,209,25,2
Cyanc1o,209,27,2
AaranGeorge1234,208,15,2
FshyWrld,208,15,2
_chizz,208,13,2
Blackshaun,208,12,2
necrotomy,208,27,2
TomixxXD,208,14,2
Bolsu_,208,24,2
Sayble,208,13,2
BananaPower0,208,21,2
Impregnations,207,6,2
TheBlondeGamer_,207,13,2
OrangeBlocky,207,12,2
Curry_Eshay,207,16,2
SamsSquatch,206,105,2
Luckyishh,206,8,2
ProvokedOceann,206,7,2
HaileyPailey18,206,11,2
Plazard_,206,6,2
00ramen00,205,104,2
aqil_,205,4,2
coolitay14n14,205,11,2
BlckCatCoffee,205,30,2
Minichipplayz,205,14,2
CoolLeaf_,205,5,2
Cloudimaria,205,22,2
9fssf,204,18,2
_Ph4n7oM_,204,28,2
MaicolReina,204,10,2
slydz,204,28,2
PatrickCombo,203,5,2
el_weezy,203,102,2
reilly999,203,54,2
frogqy,203,4,2
ShinobiMelody,203,19,2
GeorgeDrinksSoda,203,3,2
quolte,202,101,2
ItsDeffoRose,202,29,2
Jabba_Babba,202,33,2
qqq2018,201,2,2
cookienyc,201,1,2
Jonjr36,201,12,2
ToxkNot,201,1,2
_hype26,201,2,2
BigDewster,201,10,2
DaylightMini,201,3,2
Arctic_foxxyt,200,99,2
Dinomine1217,199,10,2
lackieDaisical,199,0,2
MrJooosh,199,17,2
LimeLlama,199,13,2
BrandonRules,198,9,2
Celestiya,198,11,2
Verifictation,198,4,2
Sk8eight,198,97,2
Bloodmoon_Wolfy,198,9,2
DarkCrystals,198,8,2
WkeysRocket11,198,16,2
CharlieIguess1,198,17,2
Enchantedsigma71,197,96,2
Nominalgravy,197,4,2
Rupbee,197,10,2
Bappogo,197,3,2
Bypr,196,5,2
Fusion14,196,12,2
superperz,196,14,2
BaconAverix,196,8,2
NotSweqty,195,14,2
FarBright,195,8,2
EAidan,195,15,2
NeoNougat,194,6,2
GreedyGore,194,4,2
Vursus,194,13,2
bat_98,194,93,2
TooManyTrains,193,1,2
HiddenYolk,192,6,2
FlashCrimson,192,91,2
Walkerp17093,192,10,2
TheMisToad,192,10,2
jamal_blobito,191,11,2
SomethingNeon,190,5,2
trulysal,190,7,2
Lillywhitewolf,190,5,2
Maxisgoose,190,5,2
catholiccatboy,189,88,2
JaminRoto,188,6,2
GZB0,188,38,2
Qwuill_YT,187,28,2
HySpdz,187,0,2
CNE1928,187,11,2
o7q,186,85,2
Hexaltope,186,5,2
Envarad,186,85,2
FletchlingBird,186,4,2
Claidheamh9,186,2,2
Icyfirebug,185,57,2
XenoCloids_son,185,5,2
MR_STAR4,185,9,2
klled,185,62,2
panikko,185,84,2
GamingGuy907,184,7,2
RainbwKattTV,183,3,2
Retrobow,182,1,2
Solinator99,182,1,2
uhValks,182,1,2
SconnyBoiii,182,0,2
Thastef,182,0,2
Kthepengu1n,181,5,2
stogile,181,2,2
UltraTeal,181,6,2
Divyde_,181,15,2
C0ugarSlayer7,180,0,2
Elzlive_,180,5,2
Z00Z,180,10,2
AlphaTheGuy,179,19,2
Tahuy,179,51,2
ThatTransSky,179,78,2
RustyX4,179,13,2
xoSkylar,178,0,2
Penguinsaver,178,1,2
darkdarker,176,75,2
122beo,176,1,2
checog,176,75,2
nabz057,176,0,2
RNGbooga,174,73,2
ceilozz,173,72,2
libbeyn,172,11,2
WittiestBread91,172,71,2
ticoadaooy,171,70,2
Abdron,171,70,2
Point_,171,70,2
AchroBlaze,171,70,2
DisguisedMoa,170,51,2
Raddelgo14EXE,169,15,2
TheSolarMCYT,168,67,2
NaraFishy,167,66,2
KingLuke5663,167,16,2
JoelDaDope,166,2,2
HighlandCow21,165,64,2
Ruderrr,164,63,2
SenseiUnknown_,163,62,2
Ironnose,163,7,2
TimeLimit,163,13,2
Spxrtxn,162,8,2
blahaj6,161,22,2
dlf745,160,59,2
Sorefazetfue,159,9,2
yossiya,159,58,2
DanDemonic,158,57,2
Bafes,153,5,2
7Fun,153,52,2
RetroDucky1,152,51,2
Shadowmast555,147,46,2
Ridiculous_Cow,145,44,2
DaJamesMayo,143,42,2
Misfortuneowo,140,39,2
chipotleMeat,139,38,2
EggyEobard,138,37,2
Nit3s,136,2,2
GamingStarr,134,33,2
Taycario,133,32,2
Teddynot,132,31,2
kispintyi,131,30,2
Gillion,126,25,2
LegitGamer1234,125,24,2
HeIsGhost,120,19,2
Meocaoslmfao,115,14,2
itsKapu,114,13,2
WheezyMoss,107,6,2
ItsWolf,104,3,2
RocketPlays_,101,0,2
Metricate,100,100,1
dropzyMC,100,100,1
Tivincognito,100,100,1
phexmiau,100,100,1
Tangent_T01,100,100,1
Mr_Muppy,100,100,1
Julianoderso,100,100,1
Hive_Fieri,100,100,1
leshan17clip,99,99,1
fmeowsqa,99,99,1
NotPhoton,99,99,1
FRUITYMEXICOBOWL,99,99,1
Mineloverr,99,99,1
__Light____,98,98,1
RazorEdge1,98,98,1
FurryFeet92,98,98,1
Simon99Q,98,98,1
RadParasite,98,98,1
Kyrocat,98,98,1
Loonac,98,98,1
TheRedGamer18,98,98,1
croissant42_,98,98,1
Axelers,98,98,1
1tsDxnny,98,98,1
Mdgamerttv,97,97,1
Myuws,97,97,1
Solrah,97,97,1
SkylerWindragon,97,97,1
andanteswife,97,97,1
Leaflul,97,97,1
GalaxyGema,97,97,1
ItsBearz,97,97,1
repoziv,97,97,1
BoggledToggo,96,96,1
BabaXVI,96,96,1
notray_0,96,96,1
LemonGarlic133,96,96,1
Royal_Poisonous,95,95,1
Dysamite,95,95,1
Xanderkno1,95,95,1
Xer0xious,95,95,1
afrostycloud,95,95,1
MissingBuilder,94,94,1
VanillaIris,94,94,1
Thunbit,94,94,1
Hexiegal,94,94,1
RayIceBear,94,94,1
kimoi_,94,94,1
easyspeezy,93,93,1
MrCheese08,93,93,1
NedacRegnirag,93,93,1
Temperloss,93,93,1
Playboifart3r,93,93,1
PiercingPanda,93,93,1
WafleMan,93,93,1
Powercyphe,92,92,1
gonkbot,92,92,1
Moongayze,92,92,1
edo_tensei,92,92,1
alexdestroyer2k,91,91,1
Pandamark,91,91,1
Blockody,91,91,1
SebIsACrafter,91,91,1
13killerwolf13,91,91,1
Bosslazarshots,90,90,1
Bluey1709,90,90,1
Messyo,90,90,1
LG1isnotagun,90,90,1
Darknightmantis,90,90,1
iiOzulii,90,90,1
Arco8,89,89,1
fluffymum456789,89,89,1
Cycrum,89,89,1
PikaMC_,89,89,1
ItsLunaForever,89,89,1
itsmechxrlie23,89,89,1
damBoes,89,89,1
Choco1ateWaffles,89,89,1
Evictionl,89,89,1
Fluriatito,89,89,1
DerGehasste,88,88,1
Z0XER0,88,88,1
Flarez__,88,88,1
Newart,88,88,1
ImBluu,88,88,1
thatgamechannel,88,88,1
lenniedoggo,88,88,1
BexAU_fan,88,88,1
CHAYBEEZ,88,88,1
SonicPandora274,88,88,1
wittlemexican,88,88,1
KTGeazy,88,88,1
Schnitzelvonbun,87,87,1
EightNite,87,87,1
_SpoiledMilk,87,87,1
AdjacenttSimp,87,87,1
Snavage,86,86,1
Dawsooon,86,86,1
IPhoneloverXD,86,86,1
MiiVertex,86,86,1
AlenaTucker,86,86,1
estyestyy,86,86,1
ThipButBadly,86,86,1
Twility,86,86,1
Viprava,86,86,1
bbyeet,86,86,1
Saladlegs_,86,86,1
iGoof_,86,86,1
BLUESTARS_TGTTOS,85,85,1
yellowbirds,85,85,1
Corblow,85,85,1
Xebrax124,85,85,1
LaSifri,85,85,1
BlueArrowGaming_,84,84,1
Mixiku_,84,84,1
danchorno,84,84,1
DayoTV,84,84,1
luvfromclay,84,84,1
bOil3ra,84,84,1
Overhal,84,84,1
Drakxie,84,84,1
Acidyme,84,84,1
Lislizzareme,83,83,1
Shadowassassine_,83,83,1
needsthetruth,83,83,1
_Dranined,83,83,1
wizardblue,83,83,1
notfelipebtw,83,83,1
ozfy,83,83,1
IAmMeTTV,83,83,1
Meelka,82,82,1
tsaitama,82,82,1
KoljaProBr0,82,82,1
SiLost_BR,82,82,1
Augustasprofas,82,82,1
cooltexture,82,82,1
WalnuT_ao,82,82,1
Footyman546,82,82,1
luxuryz,82,82,1
LogyStrawberry,81,81,1
Siren_____,81,81,1
logicalgames1,81,81,1
Dixie_Ragez,81,81,1
CherriesAndWine,81,81,1
LittlePurpled,81,81,1
kuyaryan,81,81,1
Pers0nifieD,81,81,1
TheDreadDad,81,81,1
CoxOuJes,81,81,1
mooonl1qht,81,81,1
GrandSlamBlocker,81,81,1
Endercat9,81,81,1
finessed3305,80,80,1
_TheLostPotato_,80,80,1
Vanshu42XD,80,80,1
SoupInACan,80,80,1
SapnapHD,80,80,1
TheMaineTbone,80,80,1
Date2,80,80,1
Rawson125,80,80,1
falkenfalkens,80,80,1
GoofDestiny,80,80,1
_Misc_,79,79,1
99switchcx,79,79,1
Demonic___Angel,79,79,1
_B1ight,79,79,1
mqtrx,79,79,1
toatycake,79,79,1
ImComfy,79,79,1
GlacialApple,79,79,1
SereinaKirlia,79,79,1
I_am_the_spy_,79,79,1
Wizardfrog80,79,79,1
Trash_Panda2007,78,78,1
_MARVV,78,78,1
Itz_neptool,78,78,1
QuantumFayde,78,78,1
Deviniscool_66,78,78,1
MikeRossss,78,78,1
MCBOMB27,78,78,1
LixzyGames,78,78,1
reyola,78,78,1
MeebChewyChonga,78,78,1
ItsMiist,78,78,1
Leahc1m,78,78,1
_Luvo,77,77,1
Vinaco,77,77,1
BeebuildinGoatFR,77,77,1
Sibaka,77,77,1
Uszr,77,77,1
JeppeWasTaken,77,77,1
MerrySanchez,77,77,1
Alastor_Darkstar,77,77,1
I_am_in_AET,76,76,1
grantschloss04,76,76,1
Antsangel,76,76,1
Goddidd,76,76,1
Orange_Chicken,76,76,1
DinoSlayz,76,76,1
v1tza,76,76,1
Chickeh,76,76,1
HaydenRedhair,75,75,1
fruittberries,75,75,1
SirPatchy69420,75,75,1
lyintome,75,75,1
zrzskys,75,75,1
vianmarilive,75,75,1
curious_burrito,75,75,1
CameronMC_,74,74,1
piepanda,74,74,1
LostInSpace315,74,74,1
Corpsecar,74,74,1
Dossay,74,74,1
waxton,74,74,1
TobyTheTerrific_,74,74,1
RavinCarrot,74,74,1
BelowAvarage,74,74,1
Matchorno,74,74,1
bigbthespider,74,74,1
MISHEROP,74,74,1
_Nidgey,74,74,1
BigLayne,74,74,1
Asphult,74,74,1
Retibs,74,74,1
SamyP1ayzMC,74,74,1
ChipPYz26,74,74,1
llanw,73,73,1
TinyKingLmao,73,73,1
PikboiLIVE,72,72,1
Astralizee,72,72,1
KNWEK,72,72,1
Truxth,72,72,1
_DuckG,72,72,1
YourLocalMurder,72,72,1
Graymk,72,72,1
Katie_Player,72,72,1
bbossofme23,72,72,1
doismiojo,72,72,1
Timkonator_,72,72,1
Bluekwyrm,71,71,1
Pandyer,71,71,1
Enderkins011,71,71,1
supersanny,71,71,1
Phowenix,71,71,1
ooziewookie,71,71,1
Cocoecake,71,71,1
iTuT,71,71,1
sh4zzzz,71,71,1
Pixelsated,71,71,1
Yusu_za,71,71,1
darkhj,71,71,1
Chandiggitydog,71,71,1
TheDude1045,71,71,1
SplitIn2,70,70,1
oGreens,70,70,1
Fakeza,70,70,1
woahitsbugsy,70,70,1
PotatoBeAncient,70,70,1
Haunted_Spoon,70,70,1
fvfu,70,70,1
nixisawesome,70,70,1
FireFrix,70,70,1
KnoxieYT,70,70,1
Bzowljr,69,69,1
BlazeBilly,69,69,1
Guingaming,69,69,1
xMisted_,69,69,1
Weredog_,69,69,1
galaxy7075,69,69,1
BlueRose121071,68,68,1
zNexqs,68,68,1
iClip,68,68,1
_FireGaming__,68,68,1
Gidus13,68,68,1
Egall9,68,68,1
DragoonzMC,67,67,1
BrotherSamwell,67,67,1
OnlyShots,67,67,1
atmoo,67,67,1
YungMoneyThug,67,67,1
DawkaWody,67,67,1
Nigusi,67,67,1
SlumberMC,67,67,1
sharpface,67,67,1
Nathan_TheBigMac,67,67,1
alsokern,66,66,1
JTheGriff,66,66,1
Zerophyxe,66,66,1
par6,66,66,1
Fried_Ric3,66,66,1
KatsunaXYZ,66,66,1
StillHereO7,66,66,1
YellowDragon202,66,66,1
Beetleeee4k,66,66,1
MalTGG,66,66,1
FRUITBERRIE5,66,66,1
Jtvd,65,65,1
VZLANyan,65,65,1
Kxnani,65,65,1
UnknownEntityXML,65,65,1
TurtlezBoi,65,65,1
kulisak123,65,65,1
Exotic328,65,65,1
DrComet98,65,65,1
Papayatree123,65,65,1
SillyNames,65,65,1
doarr,65,65,1
_Kiwee,65,65,1
RandomCrazyGuy,64,64,1
xSunLightxo,64,64,1
Cxpricious,64,64,1
Da_hunted,64,64,1
HermitCree,64,64,1
hqrizon,64,64,1
FZCruize,64,64,1
divinki,64,64,1
Paradox140,64,64,1
Sxnset,64,64,1
ImNotBarbs,64,64,1
Perskyx,63,63,1
_TheBigZ,63,63,1
DigiZ,63,63,1
Liminar,63,63,1
RoyalCoww,63,63,1
MartinWho,63,63,1
Jakerson66,63,63,1
xPoodie,63,63,1
Sipgeraf,63,63,1
JohnnyHT,63,63,1
ParHudz,63,63,1
mmeim,63,63,1
Kinda_Clumsy7,63,63,1
TheLoZGameMaster,63,63,1
fatratlive,62,62,1
ItsKhaled,62,62,1
Fluffv,62,62,1
Flipsen107,62,62,1
HTNMC,62,62,1
mightybrothers1,62,62,1
PandaCalvin23,62,62,1
SpaceFl1erzz,62,62,1
WorkingCreeper,62,62,1
Botatoguy,62,62,1
StrawberrySeal77,62,62,1
PeterGoof,62,62,1
yFayded,62,62,1
NotSoHyper,62,62,1
wlkk,62,62,1
KIMPO,62,62,1
the_warden_godYT,62,62,1
gabe420,62,62,1
gurmythewormy,61,61,1
SigmaFromOhioUWU,61,61,1
Stilluetto,61,61,1
oStrange,60,60,1
AStrangeCreature,60,60,1
mycrab7,60,60,1
R3NTL3S9460,60,60,1
Steandci,60,60,1
notSyfon,60,60,1
charmanderman,59,59,1
JovidDoesMining,59,59,1
flowertrixie,59,59,1
Narnia27,59,59,1
FoxGaming208,59,59,1
AGRH,59,59,1
IvyRoze,58,58,1
KokeFros1,58,58,1
ChicagoShark,58,58,1
HazardAngle,58,58,1
v0nxen,58,58,1
Itzthedog18,58,58,1
Cheems_The_Dog,58,58,1
Inf1nity_YT,58,58,1
Peppermations,58,58,1
Masternubzy661,58,58,1
GoofnessPvP_,58,58,1
crownisclown,57,57,1
YoImBritish,57,57,1
Sun1ess,57,57,1
Kiru_OG,57,57,1
AJmhm,57,57,1
opik8,57,57,1
notionO,57,57,1
Paradox_Dash,57,57,1
Itzvolyy,57,57,1
Gali7,57,57,1
bradyenjoyschees,57,57,1
MRP853,57,57,1
RubaanOfzo,57,57,1
DuduGod,56,56,1
Cookie4639,56,56,1
Polychromatism,56,56,1
Augsut,56,56,1
FatalDeaths,56,56,1
Televisoin,56,56,1
CakesCome,56,56,1
GalaxyIsDum,56,56,1
ThatZodile_,56,56,1
MrB4ll3r,56,56,1
OliverTGP,56,56,1
Asxalt,56,56,1
KangRue,56,56,1
IgnWu,56,56,1
Mr_Cthulhu_,56,56,1
Edater984,56,56,1
Djscribbles11,56,56,1
ExcludedYT,56,56,1
Kanatas_,56,56,1
Xiler40k,55,55,1
Sazo_w,55,55,1
Redye_,55,55,1
EsQuackity,55,55,1
_Meeep_,55,55,1
_Sweh,55,55,1
matetito,55,55,1
victoria3lise,55,55,1
ImTheLion,55,55,1
Samygain,55,55,1
FrogPog420,55,55,1
IgnSpacey,54,54,1
JGeep0,54,54,1
fedriki,54,54,1
amandla,54,54,1
mochim2,54,54,1
Manjerico,54,54,1
ShaqsIndexFinger,54,54,1
Soulxzz,54,54,1
ambher,54,54,1
blyzrd,54,54,1
svandro,54,54,1
TopKeeperNep,54,54,1
CLX_Winters,54,54,1
F1R5,54,54,1
ZGR3D3K0,54,54,1
Bodieboi,54,54,1
G01die,54,54,1
formsenju,53,53,1
Heetoe,53,53,1
qnbz_,53,53,1
Cleverdude444,53,53,1
Paguero,53,53,1
twinklestargirl,53,53,1
Alzemski,53,53,1
Kaedenaper,53,53,1
BrightMoonYT,53,53,1
WeChokeOnMilk,53,53,1
BoredLmao,53,53,1
PalinaXD,53,53,1
Amphier,53,53,1
HBite,52,52,1
Cazcutts,52,52,1
CrimsonEruption,52,52,1
kaydou,52,52,1
Chip1O1,52,52,1
GIowz,52,52,1
beeBit,52,52,1
ThereDarex,52,52,1
Blockady,52,52,1
MartinMars2,52,52,1
Lukas_gamer7,52,52,1
Mondelf,51,51,1
X0ROSE,51,51,1
thezombiezapper,51,51,1
JALUSN,51,51,1
coolve,51,51,1
TheNathanPlayz,51,51,1
Maxboi_Playz,51,51,1
Yoghurrt,51,51,1
Aukl_,51,51,1
FreeMayson47,50,50,1
Guggly09,50,50,1
_ixS,50,50,1
Warcrabs,50,50,1
cyberA,50,50,1
xMegan,50,50,1
Xpar17,50,50,1
Teun_p,50,50,1
JojyJay,50,50,1
Snowette,50,50,1
_EllyNarwolf_,50,50,1
GodlyPotato123,50,50,1
Misusing,50,50,1
TaxableMonk,50,50,1
Sk0ck0,50,50,1
RafGotHacked,50,50,1
HotMomMilker69,49,49,1
Aggettivohh,49,49,1
withered9897,49,49,1
Noahcem,49,49,1
imaduk,49,49,1
blissylol,49,49,1
SolusContinuum,49,49,1
vqea,49,49,1
DoggoCraft,49,49,1
josh3231,49,49,1
RuroarJP,49,49,1
Cloudtalex,49,49,1
RyanMcOffical,49,49,1
ST0RK4S,49,49,1
YouRillyDontKnow,49,49,1
JesusChr_ist,48,48,1
lannman88,48,48,1
JaxDRanger,48,48,1
ManMokoki,48,48,1
DreamSubXD,48,48,1
aRemedy,48,48,1
Pooki3,48,48,1
osher1310,48,48,1
Nizyi,48,48,1
_Fiu,48,48,1
0XGamer14,48,48,1
AWR_2,48,48,1
Yapped_,48,48,1
kyoifan123,48,48,1
Sammias,48,48,1
MechStep,47,47,1
4risk,47,47,1
prezsthegoat,47,47,1
SmokeySock,47,47,1
ItsDoggoMc,47,47,1
SlothGamer,47,47,1
PenguinOliver,47,47,1
Wolfurian,47,47,1
Novaero17,47,47,1
LogicalPlus,47,47,1
Trousel_0,47,47,1
AvoidMyPoision,47,47,1
Y0shikid27,47,47,1
Aspect_PlaysYT,47,47,1
RaTheMoonGod,46,46,1
KingZippy123,46,46,1
Dantech1,46,46,1
__Xer__,46,46,1
ambero,46,46,1
DreamstanXE,46,46,1
DINGwhynot,46,46,1
Calico_OS,46,46,1
JoshwaTurtle08,46,46,1
BlueLego_,45,45,1
Loomidex,45,45,1
qxib,45,45,1
Yamone2010,45,45,1
Epikgoddude69,45,45,1
Palmhz,45,45,1
The_Whale_King,45,45,1
DBTDerpbox,45,45,1
PossibilitiesOf,45,45,1
Creeper27980,45,45,1
SixMountain4506,45,45,1
JustWinterFox,44,44,1
RealRosesAreRed,44,44,1
_lazly_,44,44,1
Vikkra,44,44,1
Specifyy_,44,44,1
LunarManatee,44,44,1
kanyee_west,44,44,1
ArcherJ100,44,44,1
1tsCoop,44,44,1
suganese21,44,44,1
cruubs01,44,44,1
Pylax,44,44,1
bigboimack,44,44,1
AMinecraftMeme,44,44,1
DuragDP,44,44,1
FlameTails,44,44,1
PeterEaterBread,44,44,1
Super_Noot,44,44,1
TheNormalAlbum,44,44,1
Slushly_,44,44,1
F0g771,44,44,1
cortneypai,44,44,1
veeiCake,44,44,1
Flappy_y,44,44,1
Dymic,44,44,1
TheUltimaChicken,44,44,1
King3li,44,44,1
sneaky__pete,44,44,1
nadav_king_fire,44,44,1
Dogtotom,43,43,1
BrightMoonMC,43,43,1
Pr3fixMC,43,43,1
Clouton,43,43,1
RaspberryHQ,43,43,1
zapaxe,43,43,1
Kritzify,43,43,1
OhMine,43,43,1
lorenzovd_,42,42,1
_SNT_,42,42,1
reallnightmare,42,42,1
GildedGolden,42,42,1
Drewwer,42,42,1
S34G14SS,42,42,1
ItsFinnishDaniel,42,42,1
NightNova1780,42,42,1
HarryLeBerry,42,42,1
Bdcharizard,42,42,1
KittyMustache8,42,42,1
BuyHaste,42,42,1
BL0MBIE,42,42,1
RinChip,42,42,1
Luca_Jay,42,42,1
DINER__,42,42,1
Gamer_Verse,42,42,1
EvillRat,42,42,1
TheoStarlight,41,41,1
ravioli28,41,41,1
ProjectPalisade,41,41,1
Yasora123,41,41,1
Danny15381,41,41,1
slowready,41,41,1
thatpufferfish,41,41,1
Elite_dawuds,41,41,1
Fallerfly,41,41,1
AnNpCWA,41,41,1
Yell0wBeans,41,41,1
KOUSHYY,41,41,1
MisterMisterE,41,41,1
spaared,41,41,1
Uncertain_Pine,41,41,1
Rasyah,41,41,1
MrBBQ,40,40,1
TehOcto,40,40,1
IHasDaring,40,40,1
WhoIsSkylight,40,40,1
snufler,40,40,1
DjuroDark,40,40,1
NomiChaotic,40,40,1
Superbri212,40,40,1
Owl_geaming,40,40,1
TheFakeLakeGuy,40,40,1
Bumblez07,40,40,1
ItsJohnson,40,40,1
LolaHeart,40,40,1
Usual_NT,40,40,1
Eevolic,40,40,1
j4nzzie,39,39,1
TTortel,39,39,1
PepsiRat345,39,39,1
notapiggy,39,39,1
Lightninfang,39,39,1
Sweezybot,39,39,1
Lizard_Striker,39,39,1
ioimha,39,39,1
Koopa__Kid,38,38,1
iSanrox,38,38,1
RosenGeo256,38,38,1
Cozmo83,38,38,1
MrLoop,38,38,1
TheGalaxyOrion,38,38,1
t1ga4,38,38,1
Croma_Z,38,38,1
_Dato,38,38,1
SilverArrow129,38,38,1
AvoidMyWopp,37,37,1
Pengu0,37,37,1
chlngagl,37,37,1
LightTheLad,37,37,1
Crazing,37,37,1
Dogska,37,37,1
McVins,37,37,1
Anolias,37,37,1
Shadowmane_,37,37,1
PlugSpeedWalk,37,37,1
LegionL0rd,37,37,1
Lefao10,37,37,1
danochino,36,36,1
Brightis,36,36,1
ObjectiveEye,36,36,1
CometsComedyClub,36,36,1
Enndd,36,36,1
CowboyKermit1,36,36,1
Duccington,36,36,1
SpringsGale,36,36,1
EternalCacti,36,36,1
WeIRdMeiS,36,36,1
Solar_Youtube,36,36,1
RelitoPlaysCg,35,35,1
sjoekert,35,35,1
pinkfluffyseal,35,35,1
ostreach,35,35,1
BloodyO7,35,35,1
TheHappywheels1,35,35,1
RZMH,35,35,1
__Nicc__,35,35,1
AddingAUsername,34,34,1
Moosamar,34,34,1
Plebiss_,34,34,1
ItzmeeDeo,34,34,1
brokeyAye,34,34,1
plashy_rafi,34,34,1
LeBananaMCC,34,34,1
TheBlxde,34,34,1
MrsSahara,34,34,1
OreRaven,34,34,1
Zirichion07,34,34,1
SagnamiYT,34,34,1
zombifiedjunkie,33,33,1
addylaine,33,33,1
Halfapercent,33,33,1
Jaxamations,33,33,1
TheBananaMan3017,33,33,1
LegendaryStrike,33,33,1
Sukunua,33,33,1
Spooks__,33,33,1
Vpekka,33,33,1
peachey_icedtea,33,33,1
Orangelisted,33,33,1
Unlikeliest,33,33,1
_Erq_,33,33,1
Rillow_,33,33,1
RRFalconPrime,33,33,1
Fran211811,33,33,1
coliowert,33,33,1
_dshadow,32,32,1
TheKaVu,32,32,1
KhyWhy,32,32,1
jayflipz,32,32,1
Aces_Plays,32,32,1
Wille_765,32,32,1
Svkvna,32,32,1
RhiVibez,32,32,1
Rayve,32,32,1
dasketchy,32,32,1
Mradrianking,32,32,1
NarColeEptic,32,32,1
ilovemonkeys79,32,32,1
Mega_Max4325,32,32,1
EvyAkooka_,32,32,1
Ultrantt,32,32,1
filarski,32,32,1
TurtlLive,32,32,1
EragonTheSheep,32,32,1
MadMaruuu,32,32,1
Pupx_,31,31,1
RatTailLiquid,31,31,1
TheFutureCookie,31,31,1
Spark3158,31,31,1
peachhie,31,31,1
Robertniter40YT,31,31,1
MyNameIsOhIlNam,31,31,1
CardlessHD,31,31,1
Snix1028,31,31,1
RedandOrangeBros,31,31,1
ItzChocolate,31,31,1
LukeEXE,31,31,1
D3rpbo1,31,31,1
CornTrick,31,31,1
8xx7,31,31,1
Jattos,31,31,1
MrToad1,31,31,1
Looserjon,31,31,1
katealexaa,31,31,1
ItsAllay,30,30,1
Lyrosion,30,30,1
Gloves_of_glory,30,30,1
JmoFmo44,30,30,1
jagq,30,30,1
Sun_GoDD,30,30,1
fingersinmymouth,30,30,1
WhosBrenda,30,30,1
Frostlilac,30,30,1
NickRoth23,30,30,1
arielkryk,30,30,1
vDawg__,30,30,1
WhineyMosquito2,30,30,1
TheCrep,30,30,1
Caydean,30,30,1
scorpiostelliums,30,30,1
PomniTheJester,30,30,1
WGBenderman,30,30,1
Ysnic,30,30,1
Klursu,30,30,1
RandomHomosapien,30,30,1
HypickleLag,30,30,1
LunarisVI,29,29,1
Rezidu,29,29,1
duskywhistle,29,29,1
Indxo,29,29,1
Zaccc_,29,29,1
Wheeljack_Gamer,29,29,1
CalebNifty,29,29,1
C0ldified,29,29,1
GetSamBannedBOC,29,29,1
Mudkip4684,29,29,1
bonqx,29,29,1
shayms,29,29,1
Phazeron,28,28,1
FestiveGod,28,28,1
TheMysterys,28,28,1
Jediboy99,28,28,1
itsgabbe8173,28,28,1
dz98,28,28,1
Pixle_,28,28,1
R1lzz,28,28,1
M0nbrn,28,28,1
yCipher,28,28,1
Cinoos,28,28,1
Yashubaba_1,28,28,1
air2rz,28,28,1
GamerGegaxX123,27,27,1
hxnds,27,27,1
Balrog69,27,27,1
0kxgo,27,27,1
FireOfPower,27,27,1
UnderPiadas,27,27,1
Tapechamp,27,27,1
Spxctra,27,27,1
Mu55inMan,27,27,1
ItsAvery24,27,27,1
DessertSun,27,27,1
wmno,27,27,1
qwewqww,27,27,1
AsterTD,27,27,1
Gluplji,27,27,1
_EliteStar,27,27,1
Foxymarsh007,27,27,1
CoolThings,27,27,1
Lastraveler,27,27,1
ProestOfbot,27,27,1
Shou_Ren,27,27,1
Licorice,27,27,1
BebbisHaze,27,27,1
Pillza,27,27,1
FantasyAllWay,27,27,1
P3KK4,27,27,1
williemonster23,26,26,1
Septer_07,26,26,1
KingSkylxr,26,26,1
Matthew081302,26,26,1
Acaeii,26,26,1
SARTORIUS_noway,26,26,1
KinApple,26,26,1
Ieatcornchips,26,26,1
StarTier1867,26,26,1
Stone_Wizard,26,26,1
BizzyYT,26,26,1
MelhamMaiers,26,26,1
Ess4nce,26,26,1
Landoo27,26,26,1
Urchent,26,26,1
NinjaEmrys,25,25,1
Thatderpdoe123,25,25,1
BedTracker,25,25,1
Acidus100,25,25,1
GreenWildfires,25,25,1
DreadH,25,25,1
kuroko_Lmao,25,25,1
TheSuperSlayer1,25,25,1
xTBD,25,25,1
Nadav2187,25,25,1
un_minecart,25,25,1
MrGam3z,25,25,1
RiverTheLT5,25,25,1
ReddBu,25,25,1
Voxellotl,25,25,1
pxdj,25,25,1
Edwinskeletrix,25,25,1
Dabbaby_,25,25,1
_MGT_,25,25,1
Ctrlx_2,25,25,1
RJPlaysYT,25,25,1
Henked,25,25,1
Orion_Y,25,25,1
never_,24,24,1
MrKaaya,24,24,1
Fowleyy,24,24,1
ItsJG_,24,24,1
BoltsInCharge,24,24,1
Hqmburglr,24,24,1
mischonok_,24,24,1
blz3_,24,24,1
Usoy,24,24,1
PurpleEnder29,24,24,1
JustCoalHere,24,24,1
bloodboat,24,24,1
LostTaylorr,24,24,1
Skashy,24,24,1
Thetly,24,24,1
Lord_0f_All,23,23,1
weekdays133,23,23,1
Sargent_Spadger,23,23,1
WirySaturn,23,23,1
that_g0ose,23,23,1
Jakenice,23,23,1
PumpkinKing2324,23,23,1
TGMons,23,23,1
Gwfun22,23,23,1
Frzn_lpstck,23,23,1
den0o,23,23,1
Speir,23,23,1
teknikatt,23,23,1
team_me_pls_be,23,23,1
IamJake002,23,23,1
Tidial,23,23,1
ok_very_cool,22,22,1
Indian_Skeppy,22,22,1
CheesySpider522,22,22,1
IdiotBozo,22,22,1
FurrySlayer56,22,22,1
GoKartGirl04,22,22,1
Mr_Ferrari4,22,22,1
Mrepic_xp,22,22,1
XVRSky,22,22,1
Asleepp,22,22,1
RekPez,22,22,1
hgsmallz,22,22,1
fla_ko,22,22,1
Gadders9883,22,22,1
FishyAfterWash,22,22,1
Ealor,22,22,1
Black_hound,22,22,1
WithOutFiji,22,22,1
StupidGqmer,22,22,1
callme1zzy,22,22,1
Marcelipola,22,22,1
casualbloodgod,22,22,1
itsrenderman,22,22,1
UnderwearDood,22,22,1
CandyEgglet,22,22,1
KingYen,22,22,1
Conclusionz,22,22,1
lynrose,22,22,1
MouseyPC,22,22,1
Zurtics,22,22,1
JustJqke,22,22,1
EkipAfond42,22,22,1
KronL123,22,22,1
A1Ace094,22,22,1
Droidsareut,22,22,1
Lucky1074704,22,22,1
obaypixel69,22,22,1
Tan90s,22,22,1
sockboyxxm,22,22,1
Knxghted,22,22,1
1polly,22,22,1
xLoaf_,22,22,1
playboyfarti97,22,22,1
VetchEstarriol,22,22,1
nxtcrystxl,22,22,1
yoyos,22,22,1
ToleRai,22,22,1
NetNova,22,22,1
Detenti0n,22,22,1
greenclawer,22,22,1
colingaming0924,22,22,1
B1gCl4mp3r00,22,22,1
Maxentz,22,22,1
Litluke9809,22,22,1
UltraGyatSigma,22,22,1
Artgoat,22,22,1
Teskuba,22,22,1
Space_Jammer,21,21,1
8ev_,21,21,1
Kamui_Tokisaki,21,21,1
kyleisbarelyhere,21,21,1
VpkDev,21,21,1
RicoUfoMX,21,21,1
ItzEkans,21,21,1
acwait,21,21,1
MacStevins,21,21,1
1dam,21,21,1
Hanniizzz,21,21,1
Ronuit,21,21,1
CoLnsss,21,21,1
SomewhatGalactic,21,21,1
GretaSunflower,21,21,1
Sekigahara_,21,21,1
DiamondIsDense,20,20,1
ChaiChoco,20,20,1
PonyRL,20,20,1
D1cel,20,20,1
NotAutmn,20,20,1
TabbeeLive,20,20,1
marbondlol,20,20,1
TheJosephGuy,20,20,1
MCHosted_Camera,20,20,1
GitpaT244,20,20,1
slurslinger,20,20,1
DecexMC,20,20,1
Urged4K,20,20,1
KiraaClown,20,20,1
Sharktooth34_,20,20,1
LensLight,20,20,1
OverworldYT,20,20,1
Airont,20,20,1
Solid_Cheese,20,20,1
AntiFurry,20,20,1
Eogt,20,20,1
rerented,20,20,1
PTLT,20,20,1
Heavenlypop_,20,20,1
LeRealSnailShady,20,20,1
AFrenchPersn,19,19,1
MichiganST,19,19,1
Wioren,19,19,1
DrippyBigmac,19,19,1
Windgale,19,19,1
helli_uwu,19,19,1
CashKbunny,19,19,1
Marcain,19,19,1
cxost,19,19,1
Cers_Brad0,19,19,1
notluc4s,18,18,1
bluebearchen_,18,18,1
Hydu,18,18,1
choice21,18,18,1
Nicksyohi,18,18,1
SunnyOmori,18,18,1
aolt,18,18,1
VortexG_,18,18,1
Itscrimson5454,18,18,1
TheGhostHaunts,18,18,1
_snowClouds,18,18,1
TheBigMoo,18,18,1
McChezface,18,18,1
Wryuinn,18,18,1
Hypcronite,18,18,1
AnOrangee,18,18,1
SchlubHead,18,18,1
transuka,18,18,1
vxpr,18,18,1
Airline,18,18,1
IamaVideoGamer,18,18,1
Leifsheep,18,18,1
Cubefuse,17,17,1
madnes__,17,17,1
itsnuku,17,17,1
EnderGod13,17,17,1
CurativeHorse30,17,17,1
BenjieWonKinobi,17,17,1
BobblyBob,16,16,1
Barkity,16,16,1
Turtle_Milkk,16,16,1
Sixablek,16,16,1
CacaOnDaHomie,16,16,1
_mrthough_,16,16,1
Antiphobic,16,16,1
Devoucus,16,16,1
RedTheCactus,16,16,1
Waffle_God49,16,16,1
PigestGG,16,16,1
mellowjellocello,16,16,1
ItemStack,16,16,1
Enderglow_,16,16,1
mjjava21,16,16,1
RazorStab,16,16,1
LittleAxolotl_,15,15,1
ThreeCrits,15,15,1
Cammeron_,15,15,1
SkalaLD,15,15,1
D1zzyy_,15,15,1
MomoTacoBurrito,15,15,1
Soniim,14,14,1
iBarkForWomen,14,14,1
InfamousMaster,14,14,1
cers_brad,14,14,1
Ele3ctra,14,14,1
VentedRumble466,14,14,1
Animegod9000,13,13,1
ST4Rplayz,13,13,1
SwathingFoot,13,13,1
kjacks__,13,13,1
N1ghtmareX,13,13,1
Kittydragon_,13,13,1
kernaljeff,12,12,1
Camaron37,12,12,1
TheDailyGinger,12,12,1
TheProz73,12,12,1
mdiab1,12,12,1
imkempo,12,12,1
saamway,12,12,1
hydriel,12,12,1
theirbeans_,11,11,1
sancomics,11,11,1
WalmartVinwy,11,11,1
Vomitshot,11,11,1
RavenRayze,11,11,1
wXeno,11,11,1
Tightt,11,11,1
junegeneg,11,11,1
The_RabbidFish,11,11,1
sturmcheese,11,11,1
RabbitGlue5,10,10,1
TheIgnitedGamer,10,10,1
Flowofie,10,10,1
poopdealer743,10,10,1
Pig1tin_,10,10,1
_____________cat,10,10,1
Devilishcorrect,10,10,1
__Henwy__,10,10,1
Jahraa,10,10,1
mackeeperapi,9,9,1
W33bl3t,9,9,1
LadyHespeth,9,9,1
Kitzune_E164,9,9,1
IciCole,9,9,1
Theheart33,9,9,1
Ty08,9,9,1
Hi____,9,9,1
speedboy,9,9,1
OriLove_,9,9,1
dennnz,9,9,1
Private_Tovar,9,9,1
Blisky000,9,9,1
Jokana_san,9,9,1
ChasinCheese,9,9,1
Zukohs,9,9,1
DelucaDay,9,9,1
Prythium,9,9,1
bsummers2703,9,9,1
krinxuseshypixel,8,8,1
TheDogMuncher,8,8,1
wolf_boy_123,8,8,1
barneysuits83,8,8,1
ili_mc,8,8,1
Fiery_,8,8,1
monkey54323,8,8,1
Puppyfied,8,8,1
Toad5640,8,8,1
Yeph74,8,8,1
Dreg00n,8,8,1
ARIYA10,8,8,1
UpbeatTeacher63,8,8,1
Lommslomm,8,8,1
Eclipse1901,8,8,1
Chaosgurke46,8,8,1
Awre_,7,7,1
ShuggaHD,7,7,1
BBrendon,7,7,1
MiraNinja69,7,7,1
Mwria,7,7,1
ItsAllJoever,7,7,1
Dark_slyman,7,7,1
Om_Kev,7,7,1
NiniMinecraft17,7,7,1
Oxisch,7,7,1
pipshroom,7,7,1
BetterXD,7,7,1
Lag_Byte,7,7,1
_Flightless,7,7,1
K0VEY_No0b,7,7,1
MinerReyna,7,7,1
Beehaver,7,7,1
Noniop,7,7,1
AngryJames1695,7,7,1
KappaKGames,7,7,1
notseohyun,7,7,1
JJ5947,6,6,1
Glosm,6,6,1
Sinjinplays,6,6,1
Th3Ex1le,6,6,1
platano_papi69,6,6,1
Unknown,6,6,1
endless99,6,6,1
ieggs,6,6,1
legobatman12345,6,6,1
IDevilSeeker,6,6,1
alexthedroog,6,6,1
Ptitloup8597,6,6,1
BlobbyXD,6,6,1
chrispbaconjs,6,6,1
HamarticDownfall,6,6,1
endermenbroski,6,6,1
Shot_Z,6,6,1
Sotowo,6,6,1
TheSlimeYT,6,6,1
alREALdex,5,5,1
RyPlaysGameZ,5,5,1
Not_200iq,5,5,1
KarmaSW,5,5,1
Jam0799,5,5,1
meowHana,5,5,1
Vixxcyzz,5,5,1
PowerRubik,5,5,1
Hantz75019,5,5,1
SaberFrogGaming,5,5,1
Sadpandaaa,5,5,1
kyrkis,5,5,1
sodasoker,5,5,1
BlazeyPvp,5,5,1
CheesyBlock,5,5,1
PhantomGhosty09,5,5,1
SuwanMC,5,5,1
TheUndeadBrave,5,5,1
Its3UP,5,5,1
oransi,5,5,1
plugspwalk,5,5,1
TheGargoyle53,5,5,1
Soupzz,5,5,1
GabrielRTXti,5,5,1
mistymisterious,5,5,1
xMuscular,5,5,1
TheNyDriller,5,5,1
_duckyyyyyy_,5,5,1
ChaosRifter,5,5,1
danyel,5,5,1
CometisCalm,5,5,1
TechnobladeHD,5,5,1
TimeStronuat,5,5,1
motif_nostalgia,5,5,1
m4rkiplier,5,5,1
LazySword,5,5,1
SpokenIsntHere,5,5,1
Edwordgaming,5,5,1
SirUntitled,5,5,1
DreamStanXD,5,5,1
SquirrelJesys,5,5,1
snowmanking2013,5,5,1
MagicMikey1,5,5,1
AvetFox,5,5,1
SdayXD,5,5,1
its_Gr4peSoda,5,5,1
brian_90,5,5,1
_Fumii,5,5,1
DabTopia,5,5,1
MrMicah123,5,5,1
YaniMayuo,5,5,1
AmongBurger,5,5,1
silencethedead,5,5,1
Iiminal,5,5,1
Solawr,5,5,1
gabikv,5,5,1
Rew_goes_Phew,5,5,1
Llsten,5,5,1
QiwiMC,5,5,1
zeldaytrdocom,5,5,1
ItsAQFan,5,5,1
Monday_________,5,5,1
FlipoutDude,4,4,1
akirejoo,4,4,1
YeetusisYeetus,4,4,1
SoupCPS,4,4,1
Robawt,4,4,1
Neficit_,4,4,1
KnightyCrafter,4,4,1
Pig_The_King,4,4,1
UVStars,4,4,1
_troble_,4,4,1
Littleguy8888,4,4,1
TheLastFire925,4,4,1
Dinoxify,4,4,1
wvmp,4,4,1
_RealNam,4,4,1
GarfeildLive,4,4,1
OgarTheAlive,4,4,1
dinamonchi,4,4,1
Tdwt,3,3,1
Kcat915,3,3,1
TheMeowMiek,3,3,1
JustItay,3,3,1
MyDiamondBlock,3,3,1
LiLParatha,3,3,1
DuncansDonuts427,3,3,1
G3ometri,3,3,1
KazzaTS,3,3,1
Infernal_03,3,3,1
Fred2XO,3,3,1
lavendqr,3,3,1
Mr_BulkyPotato,3,3,1
breno_monke,3,3,1
SavBananaX,3,3,1
JaxF2008,3,3,1
D1esilver60,3,3,1
QuadK1LLING,3,3,1
Strikatron,3,3,1
pawrot_,3,3,1
g5b,3,3,1
ClumZee,3,3,1
sigmalizer,3,3,1
Partviss23,3,3,1
fazesixgamer,3,3,1
Secretlag,3,3,1
BricerDust,3,3,1
Chibumw,3,3,1
IgnitedLIVE,3,3,1
Gerfield,3,3,1
BILBOWW,3,3,1
JustHadSoup,3,3,1
ToxicSkurz,3,3,1
1Ramen_Man,3,3,1
StumberrLive,3,3,1
Kingaroo_,3,3,1
TheFloridaMan25,3,3,1
IvarDoge,3,3,1
ilovemonkeys78,3,3,1
Hemlireaper,3,3,1
SMPizza,3,3,1
jad60aj,3,3,1
Nexustyx,3,3,1
ItsSoJoever,3,3,1
kaczak_,3,3,1
TomatoCake,3,3,1
AutumnLeafPixie,3,3,1
Moortun,3,3,1
Moussecolm,3,3,1
ZeroxYT_,3,3,1
RaidGoat,3,3,1
CircoPierce,3,3,1
byBenjii,3,3,1
SlothdudeMC,2,2,1
ChalkK_,1,1,1
KaiserTrue,1,1,1
Nickly7,1,1,1
Inlinexxx,1,1,1
Asunna22,1,1,1
applejaxxs,1,1,1
Zapdan_54,1,1,1
repotato,1,1,1
madduellist,1,1,1
GuyOfGamez,1,1,1
Bread_Beanie,1,1,1
PandasCrown,1,1,1
Randomasdude,1,1,1
wiyual,1,1,1
kryxi,1,1,1
DarthLandonius,1,1,1
Calebgamer2000,1,1,1
CloudTheAssassin,1,1,1
XenBlem,1,1,1
jehremy,1,1,1
JugularBulb,1,1,1
Temprie,1,1,1
ashreyazi2,1,1,1
olly250,1,1,1
Bugzinho,1,1,1
grizzlymoons,1,1,1
Rxsles,1,1,1
P1nkAx0lotl,1,1,1
SpiiderBoy,1,1,1
Desirecrawbaby81,1,1,1
NickWN,1,1,1
im_a_duck27,1,1,1
Puddlecake,1,1,1
blackteaa,1,1,1
BigBrainFrog,1,1,1
CalmAndCalmado,1,1,1
Ralsai,1,1,1
Sporsheim,1,1,1
zEvelyn_,1,1,1
Jxsse_,1,1,1
SkibidiSigmaMan,1,1,1
DealerOfDrugs,1,1,1
Monihalla,1,1,1
SomeRandomCrusdr,1,1,1
lifeofchrome,1,1,1
Kosmo_king,1,1,1
BlackAngelHUN,0,0,1
___Artem__,0,0,1
noritamia,0,0,1
kyramix,0,0,1
BashBushYT,0,0,1
King_Of_Elementz,0,0,1
Elladioss,0,0,1
PokeKidTrent,0,0,1
RickarOO09,0,0,1
Bubblebrooke,0,0,1
DizzyJWTA,0,0,1
PigIsVibing,0,0,1
NOT_MR,0,0,1
charger134,0,0,1
NeRobenkas,0,0,1
PhantomRaider,0,0,1
juan_titan,0,0,1
CookingSomething,0,0,1
xPyo,0,0,1
KazkaasM,0,0,1
Dabber_,0,0,1
___Ryujin___,0,0,1
Ex0tics1,0,0,1
Cakeiou,0,0,1
haxxorbvnny,0,0,1
Lganto,0,0,1
yoAstra,0,0,1
DrGST,0,0,1
itzblake34,0,0,1
Zovor,0,0,1
BrettMars,0,0,1
Te11ing,0,0,1
DrDeathh,0,0,1
RedRacerIX,0,0,1
xyrrk,0,0,1
kelby04,0,0,1
Fvry,0,0,1
Aqie,0,0,1
KathrynMC,0,0,1
Jadeinaboat,0,0,1
WhatsTheTwist,0,0,1
Ghibliy,0,0,1
WatchPaintDry,0,0,1
MilkyRed,0,0,1
MilesOnline,0,0,1
SlimSadie,0,0,1
Lozrixs,0,0,1
DepressedRJF,0,0,1
Htlaeho,0,0,1
Dentaunicorn2,0,0,1
Bwerries,0,0,1
ImMixed,0,0,1
OTGamgin,0,0,1
Flameri,0,0,1
HereNothing,0,0,1
Xiario,0,0,1
ARVciastek,0,0,1
akisush1,0,0,1
stompalomp430,0,0,1
Ratkingblade,0,0,1
Fishium,0,0,1
FractalCubed,0,0,1
IamThiemo,0,0,1
LifeofAngelina,0,0,1
The_BlazeMan,0,0,1
QuieroTetitas,0,0,1
iamCosmos,0,0,1
Revser,0,0,1
forestfire246,0,0,1
DreamOn123,0,0,1
_dr1p,0,0,1
Fr4nkie_,0,0,1
toca_a,0,0,1
BubbleMugg,0,0,1
Engagement_,0,0,1
YTIvanTheGamer,0,0,1
tinypet,0,0,1
Jerabeth,0,0,1
Delayful,0,0,1
TTv_Terermate0ff,0,0,1
NatBalzac27,0,0,1
Dreamweaver_xx,0,0,1
NinjaJohn086711,0,0,1
quackylool,0,0,1
Tickcount,0,0,1
Tiko7804,0,0,1
SpeedAnchor,0,0,1
_tophbeifong_,0,0,1
Hellsend17,0,0,1
noisecore,0,0,1
Dootzerz,0,0,1
Aieurn,0,0,1
zepX_,0,0,1
ironjayy,0,0,1
danielc4444,0,0,1
prismarine9,0,0,1
__DMK__,0,0,1
Throw_it_or_not,0,0,1
Kade_1O1,0,0,1
BigBlackPilot,0,0,1
ilikecontinents,0,0,1
exsimor,0,0,1
_Samking,0,0,1
heeted,0,0,1
b5ta,0,0,1
BananaBeach2331,0,0,1
LarsVonHoff,0,0,1
Wizzy0,0,0,1
ChaosPlasma,0,0,1
Sanoj107,0,0,1
Omnicompetent,0,0,1
StygianNight,0,0,1
Cielino,0,0,1
3rdBro,0,0,1
LeagueOfMices,0,0,1
CrazyCynda_Lucky,0,0,1
VernAi8948,0,0,1
EnderPax,0,0,1
tokyo____,0,0,1
Sembper,0,0,1
Frootile,0,0,1
Drakonno,0,0,1
__Chips,0,0,1
Tarcsa,0,0,1
TamarinX2,0,0,1
MacEnderman,0,0,1
yiayiarchive,0,0,1
minimum1674,0,0,1
RoRoflop,0,0,1
_fwogcarf_,0,0,1
SenzuMike,0,0,1
jernalkeff,0,0,1
joupy2good,0,0,1
MegaStone702,0,0,1
ExodusMC_org,0,0,1
the1j,0,0,1
IAmNotRetarded,0,0,1
fat_e,0,0,1
Jimmyjohnie17,0,0,1
CycloneArmageddo,0,0,1
mcgamer122004,0,0,1
OllieCMinecraft,0,0,1
KazzLM,0,0,1
HabbleDamble,0,0,1
Jqyn,0,0,1
Scliffler,0,0,1
HuGod1,0,0,1
karmazur,0,0,1
Kaiif,0,0,1
LividLemonBoy,0,0,1
greenisacolour,0,0,1
ItsZandar,0,0,1
Strumer,0,0,1
oGroovy,0,0,1
MrPritzle,0,0,1
chezzzzzzzz,0,0,1
notjackei,0,0,1
shredder98,0,0,1
ohwest,0,0,1
Ballshanger,0,0,1
Felpznhs,0,0,1
mrmanmy,0,0,1
OpaMonkerd,0,0,1
thebestgamer43,0,0,1
Gilbur_4th,0,0,1
echidna396,0,0,1
BlueIvysAssistan,0,0,1
qwemaster,0,0,1
Str1ke_x,0,0,1
CrafterKid307,0,0,1
izach,0,0,1
W0rg3nT20,0,0,1
MrEnderlok1,0,0,1
meowsbi,0,0,1
lydude66,0,0,1
Nadreix,0,0,1
PaddyHarmonica_,0,0,1
Zettrro,0,0,1
Bob744099,0,0,1
stripedshirts,0,0,1
0Tox,0,0,1
nvlbestwwww,0,0,1
cypriot_,0,0,1
Litl0t,0,0,1
shangumax240,0,0,1
SossyPickle777,0,0,1
GreenAxolotl13,0,0,1
Quagz,0,0,1
M01ST3,0,0,1
SkylarKingston,0,0,1
Sk8terG4tor,0,0,1
SergeIblocka9,0,0,1
StillLutto,0,0,1
Best_YP,0,0,1
LucyPlaysGames,0,0,1
nicocristo11,0,0,1
weelilpippis,0,0,1
cutaline,0,0,1
honse112,0,0,1
ekaha,0,0,1
Waj1d,0,0,1
GammaOne,0,0,1
iZiyc,0,0,1
HumanSDcard,0,0,1
Bentato1,0,0,1
Vacancy_In_Space,0,0,1
blocworx,0,0,1
CoffeeFound,0,0,1
timorambo,0,0,1
Lewisoo,0,0,1
malaysiagod,0,0,1
nuggetolive,0,0,1
toygun48,0,0,1
Morphaa,0,0,1
illusionisticc,0,0,1
Supersnail11,0,0,1
Drizzie_G,0,0,1
yooatt,0,0,1
Omarammar2011,0,0,1
TheMrPsycosis,0,0,1
vonmalm,0,0,1
dav2x,0,0,1
JohnWhisper,0,0,1
KoolPlaysYT,0,0,1
derikgirl99_new,0,0,1
Aui_pvp,0,0,1
ColtColton311,0,0,1
Pastwroks,0,0,1
LLapse,0,0,1
Subject28archer,0,0,1
AidenTheDodo,0,0,1
Kallik29,0,0,1
PetarRistovski,0,0,1
FlingHD,0,0,1
Kobeowatts,0,0,1
Exasoul,0,0,1
Rubber5322,0,0,1
pureXkarmaa,0,0,1
Pro_237,0,0,1
OtterSide_,0,0,1
Tedithan,0,0,1
Autumnize,0,0,1
1Azan,0,0,1
Fiszyy,0,0,1
Judox,0,0,1
NotShivay,0,0,1
FrustratedFerret,0,0,1
PriceZamm,0,0,1
luciajdhdjs,0,0,1
Lucky_Noob1234,0,0,1
LKB_13,0,0,1
Gods_of_MC,0,0,1
ImIsaacXZ,0,0,1
Inpu3_4,0,0,1
MonstrSlayr,0,0,1
dragon3081,0,0,1
dotminecraft,0,0,1
Sebatra,0,0,1
AJJJH,0,0,1
SirJacobi,0,0,1
Veeg,0,0,1
xMudManSonx,0,0,1
Shadow_loll,0,0,1
Endboo,0,0,1
Tweakers,0,0,1
Saddling,0,0,1
ZakieCool,0,0,1
iStqrz,0,0,1
Toast_3rd,0,0,1
edu_bh,0,0,1
MaxC2010,0,0,1
CULME,0,0,1
Bellethial,0,0,1
tfsLou,0,0,1
ArabJoff,0,0,1
Wynterv,0,0,1
Remodeler,0,0,1
FineAsher6H,0,0,1
NoobyNinja1622,0,0,1
NotTooGroovy,0,0,1
Scoobygdun,0,0,1
schleepyyboiii,0,0,1
Carmenn4k,0,0,1
DaCronker,0,0,1
thehardman122,0,0,1
xZunk,0,0,1
ByApril,0,0,1
SwagAlejandro,0,0,1
clutchee,0,0,1
DanyTU,0,0,1
_Insidious,0,0,1
dogfiju,0,0,1
Enkush,0,0,1
Occupanther,0,0,1
PlsF,0,0,1
wristboi,0,0,1
oGhostings,0,0,1
RheithEd,0,0,1
yeahadonis,0,0,1
Priyet,0,0,1
sog401,0,0,1
la1rs,0,0,1
Mpple,0,0,1
NightSpawner,0,0,1
TalkingMime,0,0,1
MacFarout,0,0,1
Nexuslytical,0,0,1
PandoraThen,0,0,1
GeneralRB,0,0,1
duskduskduskdusk,0,0,1
SemiTheLad,0,0,1
Nyec,0,0,1
itskaitlynxx,0,0,1
mielosiker,0,0,1
paladinsse,0,0,1
BeeHold,0,0,1
TheNerdSammy,0,0,1
Freehand_Cow,0,0,1
NbotMC,0,0,1
Meellee,0,0,1
mp9100,0,0,1
Via7,0,0,1
emmabelles,0,0,1
BlackBerry04,0,0,1
Pumkiniebear,0,0,1
Cookie46399,0,0,1
mrpickles1st,0,0,1
hazelyt,0,0,1
emilyezz,0,0,1
Oil08,0,0,1
zbolt_1,0,0,1
Enderman64905,0,0,1
Suff1x,0,0,1
tabs80,0,0,1
BurgerSliderr,0,0,1
SuperCnm307,0,0,1
MushyBugle23474,0,0,1
BotSolo,0,0,1
purplekidusa,0,0,1
Niefy,0,0,1
Chipufi,0,0,1
murkish,0,0,1
Sanduster,0,0,1
guizinnx1,0,0,1
ZukoDev,0,0,1
Juliancool9,0,0,1
1Tofu,0,0,1
CitrusPigeon,0,0,1
SecondSightSeer,0,0,1
yolio,0,0,1
ImBadAtCrystal,0,0,1
ruanxd,0,0,1
ASaaoP,0,0,1
Talfy,0,0,1
SaltySubmariner,0,0,1
Assassinance,0,0,1
RokilotlStan,0,0,1
BOREC123456,0,0,1
JaiMaster006,0,0,1
CarsonPix,0,0,1
gummioholic,0,0,1
1Doggo,0,0,1
501mhz,0,0,1
Giantslimer,0,0,1
Crowneck,0,0,1
SirChunkyChicken,0,0,1
Awruf,0,0,1
Toadify,0,0,1
SebIsWashed,0,0,1
Whelmz,0,0,1
Fenrir_Date,0,0,1
swftns,0,0,1
peterrulesnz,0,0,1
iampro14,0,0,1
LightGames404,0,0,1
itsfuzz_,0,0,1
Cap1bar8,0,0,1
Siliux_why,0,0,1
Joorneyed,0,0,1
ThoseWereTheDays,0,0,1
WadeBox,0,0,1
BlueDog2010,0,0,1
TheNubClub,0,0,1
Ma_tilda,0,0,1
Sophie_Maa,0,0,1
ConstructionMC,0,0,1
RuByc0,0,0,1
m8beme2,0,0,1
Bottled_Waterr,0,0,1
SpencerTheGOAT69,0,0,1
TigerMansionYT,0,0,1
tripleclick_,0,0,1
DrinkWaterKids,0,0,1
Elusiverios,0,0,1
OCHDH,0,0,1
LegoPlush,0,0,1
RxnanL,0,0,1
pandatarka,0,0,1
SoloPlayers,0,0,1
SamuezzYT,0,0,1
4RZ3,0,0,1
Sunshibee,0,0,1
lkgoof1222,0,0,1
woshilemlem,0,0,1
sclozz,0,0,1
VCscroll,0,0,1
1Equinox_,0,0,1
Kt_OMEGALUL_To,0,0,1
