Username,Experience,Level
Darknyes,12441,124
FroppyMug,11860,118
BuddyTheBot,10948,109
TheSlushyDealer,10483,104
TeapoKive,9884,98
accappy,9622,96
MagicalDemarcus,8265,82
rnfootball123,8194,81
Greninjablade,8084,80
_Kreesh_,8072,80
Adjacentt,7121,71
TA_Zach,7020,70
izsokok,6627,66
f0xythebest,6624,66
ihywhoami,6555,65
DippiDab,6143,61
GilgyWilgy,5990,59
PantherPikachu,5823,58
Harebear_31,5730,57
BluishHaze,5724,57
Limedd,5509,55
TechnoIsPog,5490,54
CarrotHeadMan,5275,52
Lizariam,5253,52
iiWawa,5178,51
enderpro,5017,50
ShiftySnowman,4874,48
_TheGhosty_,4772,47
sdiuqs,4720,47
jofussy101,4718,47
Jorifij,4670,46
Smqshy,4632,46
_Scaly,4630,46
Kiqsk,4532,45
zenrul,4505,45
Reto7563,4442,44
_MiniPika_,4394,43
tsneeze,4307,43
oGracie,4285,42
AspenMc,4273,42
Talci,4255,42
Indiglored,4166,41
EGCGlow,4042,40
Cabbage66YT,4026,40
Salad1,4000,40
MrSpikez,3988,39
MANONFIRE888,3945,39
Mr_Salty385,3857,38
HasawisKitten,3821,38
GrenRacecarDrive,3768,37
Void_Energy,3648,36
5tubbs,3605,36
Sppirit,3587,35
JamesMinecraft,3582,35
CrystalsKitten,3559,35
Lionthenoob_,3552,35
beebuilding,3505,35
Duckoes,3504,35
MeowingForCayce,3465,34
ItsTi,3418,34
KingDixie,3403,34
priceycelery,3260,32
zzSpow,3207,32
iSiqht,3161,31
wellzfargo,3080,30
SnorkelMoses,3035,30
yay7,3024,30
Amp_the_Damp,3021,30
Fuey_,2979,29
nealexandraa,2974,29
Viglot,2973,29
JDFireShot,2960,29
GracefulBuddy,2937,29
Tooqaan5,2927,29
Poieon,2834,28
Clwnyy_,2829,28
Sheep_S,2823,28
1x_Alxn,2764,27
F1rePhoenix_,2741,27
lunaV_,2721,27
esrowan,2716,27
AsherJRD_,2631,26
SleepyPoland,2630,26
maddy_roses_,2605,26
Sniper5759,2593,25
Chazip,2574,25
Hasawii,2558,25
AstroBower,2497,24
KonstellationsTV,2475,24
_MixTrix,2474,24
ShadowyNinja151,2468,24
Kiplrs,2443,24
wTeri,2429,24
milo_wh,2392,23
lime9,2370,23
wPio,2368,23
_Psychxtic_,2345,23
Frobery,2336,23
Dartzy_,2310,23
Nomnom1st,2306,23
hiitzhunter,2297,22
Simbakwame,2260,22
andantet,2243,22
Oriukas,2241,22
ScytherLy,2215,22
wrrf,2214,22
SmallTwig,2197,21
GigaDrake83,2167,21
BrandonMP611,2111,21
Mitchell00,2108,21
Trickinator_,2056,20
Darrk_Cobraa,2044,20
i_love_Mug,2035,20
Omrooshi,2013,20
dakshkarnalmc,1996,19
moonybea,1993,19
ElSpeed,1993,19
Cal_Ducky,1983,19
alandjlfc,1979,19
TheDarkGuy_,1959,19
KokoJenn,1935,19
TechnoTheKing,1927,19
Tomharris3252356,1925,19
FakeTurtle,1904,19
SummerNature,1904,19
zimblobwe,1892,18
Ball65,1885,18
MatrixMation,1868,18
Blazing5,1862,18
gihc,1859,18
oEnvyy,1857,18
Pauxilian_X,1850,18
Brunted,1834,18
EnderMachinery,1822,18
_axes,1817,18
Naty1s8472,1811,18
ImNathy,1797,17
chionophobia,1785,17
itithy,1784,17
VentiBeast,1776,17
PizzaSliderr,1764,17
Fe4thers,1762,17
Bamzyyy,1762,17
Apoller,1746,17
Tacogaming123456,1743,17
TheOnly_Life,1714,17
VNLB_,1705,17
Zolvd,1703,17
YoshaBoss,1697,16
Nitroplasma,1692,16
yxmart,1691,16
Malvare_,1676,16
arbymax,1670,16
snxwies,1651,16
Sprite790856,1624,16
Beowoof_,1622,16
seba_electrical,1578,15
ScarIsBad,1574,15
Alarvic,1570,15
YourFriendlyDuck,1563,15
Tcxiic,1562,15
YamSabag,1562,15
miggyontherun,1561,15
Noxicate,1552,15
Mwstery,1539,15
Nature_Scientist,1525,15
Illicit10,1524,15
CandiiFlozz,1516,15
Oogim,1512,15
MutantSabretooth,1512,15
Bayernprops4,1498,14
I_Catalyst,1495,14
Jamilya,1486,14
Dr01d_,1477,14
KwadL,1474,14
Bu_d,1474,14
Ushiey,1474,14
Icybea,1473,14
PlateofRavioli,1444,14
GizzeMisse,1418,14
Udtorn,1413,14
FromaPutsi,1407,14
Mister_EG,1406,14
Dr_Brandini,1403,14
https_diegogo,1401,14
AW2070,1399,13
mofeyy,1398,13
Mxdel,1393,13
CautionTape14,1392,13
0ptionalLabor,1371,13
Cookithy,1363,13
eggplayz06,1343,13
Bluejuice4,1328,13
L0stare,1314,13
KasraAb737,1309,13
owlsarecoolsmsss,1303,13
Sygnalbine,1289,12
oErrorr,1279,12
GH0ST117_,1271,12
Igor_Z,1266,12
GitpaT24,1258,12
Kaylesh_,1235,12
rotomm,1224,12
idoubleup,1220,12
PJMonger,1220,12
Beehavior,1219,12
BreadEaterPeter,1213,12
Dawld,1205,12
ZHopes,1192,11
aYeetus,1191,11
NolanZz_,1182,11
Mariotwist,1182,11
Blue_jaguar256,1166,11
CoolestGreen,1162,11
_Blocks,1152,11
Quirky_Clo,1147,11
HiStuffGuy,1145,11
Boodontavious,1144,11
CalumStagman,1143,11
Matatouille21,1141,11
Chesic,1140,11
halzywow,1138,11
NeonDelta_,1133,11
Yumalol,1126,11
CandyCanesForU,1121,11
Sivinty,1120,11
PEEJ45,1119,11
OnlyGolden,1111,11
AustinGamer8889,1102,11
Kryptic1llusion,1096,10
BoyGamerTV,1083,10
EeveesXM,1082,10
muhisquid,1069,10
KnowerMeh,1064,10
Sbarky,1062,10
Vrampage2004,1062,10
FlashPointKilla,1054,10
MsEvans2,1046,10
MeaderoSupremo,1042,10
FireBeastMode,1039,10
HotChocolateGG,1033,10
Squirrelify,1033,10
CdogThePro,1029,10
wShadows,1027,10
NeonDJ,1025,10
pikachu_girl9,1023,10
Potzkar,1023,10
Naterim,1013,10
Bruh_masterBO,1010,10
harryWchilli,1009,10
astrophiile,1009,10
Mwtr0,1006,10
DuckGoh,998,9
Overfluxxed,996,9
coolests,995,9
Phantom_type,987,9
compym,982,9
Param_456,976,9
Redlys,974,9
_Grudge_,974,9
Gre1000,972,9
PlutoAndreas,970,9
7kay,953,9
jojoslices,951,9
ball68,942,9
PigisVibing_,926,9
AJG676,925,9
Lyxite,922,9
JTensei,916,9
Tabbed__,916,9
FortexMC,908,9
Skullad,908,9
Xelvras,904,9
wewy_,898,8
KomaSwirls,897,8
zycopink,882,8
Therealmrsoupy,882,8
Pink_Peeps,873,8
GamingSuite,873,8
Forbie_,871,8
Imaginqte,868,8
UwUCuddleKittens,867,8
Triqary,865,8
frostine_,864,8
polypolars,863,8
Shroyoo,860,8
P1zzaTime_,859,8
_NinjaDude501,857,8
NotKevin,856,8
shotobai,854,8
DisguisedMoaFan2,854,8
FruitMango,853,8
Not_natsuvoid,852,8
_Fqxyl,845,8
ItsJustKrusty,844,8
1tz_st0rmy,839,8
Nugget_Noob,832,8
stichea,829,8
Vincexy,827,8
YoYoS1ime,824,8
mirit__,823,8
aggroing,823,8
Trollster,819,8
iRaqoon,818,8
LoadingSiren597,817,8
Shiger_Tark,813,8
GTheman005,813,8
Orliix,793,7
LargeEpicMan,789,7
owntro,784,7
Apoppink,784,7
VolcanicRJ,782,7
Proxpect,782,7
Xcarbs,779,7
OffsideJoker450,779,7
Tinyporkchop,778,7
saylem_,777,7
LegoPlush,774,7
boxybinary15,768,7
zhadow_duck,768,7
skyoreos,766,7
Nightkai,765,7
Teibor,761,7
Cabbagee_,761,7
_kilkujadek_,757,7
BlazyBlast,757,7
ImASewerRat,756,7
Spy_Games,755,7
rrreeeiii,754,7
Sacronix,744,7
Mikeyninja10,740,7
Perspective1,739,7
Rainod,737,7
DuckyWins,736,7
Wilfre0,735,7
Helient,732,7
banterlion,728,7
Barbeast,727,7
Finmin_,726,7
oToadd,724,7
YelloMenace,723,7
anqiz,723,7
GoodAIex,719,7
ADeadMeme003,708,7
Gassie1400,706,7
Sneapky,703,7
Xaderr,701,7
cheeetahs,700,7
TheCr1tz,698,6
Skelb0,697,6
SeanMutantZombe,696,6
BedInspector,695,6
Big_Yoshee,694,6
CaffyPanda,692,6
_Sanae,690,6
xtesoy,688,6
SpeZySR,687,6
expellY,685,6
Geckwo,682,6
KostantisX008Gr,681,6
Blanba,679,6
Yellow_YT,678,6
infernofox12345,676,6
Akknights,675,6
Kaydence_L,674,6
Skoma80,674,6
nora_is_live,672,6
IZAQ_,671,6
5hii,668,6
ItsLbj,668,6
Glitch3959_,666,6
Gragg05,662,6
_Pretze1,662,6
CrisTheGuy5,661,6
Cinnameme,661,6
Svennieboy_cool,661,6
LeonardoPLK,661,6
rac_legend77,660,6
eweamy,655,6
PlushGaymer12,652,6
Tyzxd,650,6
NoRealNames,649,6
mrgogg,644,6
AlienSearcherFBI,639,6
momenttt,638,6
PhantomIDK,632,6
CyaNideJ,632,6
Shxd0w,628,6
RektByJon,626,6
X_Comobie_X,623,6
Ninja3201,621,6
ReadyReddyPanda,615,6
PokemonMaster345,614,6
calieco,613,6
Adszi,610,6
MilkyRed,607,6
Archipies,607,6
_Hyphens_,604,6
Xstevey,603,6
LlunarLlamaYT,602,6
RedCapped101,601,6
Aaden2,601,6
DustinnnGG,598,5
Dabmaster0,597,5
Abas_mti,593,5
Dr_HiCatHowTo12,590,5
luisf1234,588,5
Technohlade,586,5
Jukers,581,5
shleave,579,5
SUPERS0NIC38,573,5
Westical_,569,5
Frogzss,564,5
KingRatsy,557,5
KubaBabilon,550,5
laakyz,549,5
Latemoha1234,548,5
OrnateLeopard75,548,5
HueyPenguin,547,5
AK5__,543,5
Thekingofnothing,542,5
farbrorjoe,537,5
_XxMastar,537,5
agentxofshield,535,5
SpectralBlue,532,5
KRIS2Z,530,5
Sleepys_Maid,530,5
BubblesTheFriend,528,5
prhex,528,5
Mets_,528,5
DeathFan,527,5
Thyzt,527,5
guideee,526,5
BlakeTheRedHead,525,5
_Shalock_,521,5
bzrkLIVE,520,5
fnafboi1987,519,5
tuscudero7456,515,5
LukoZade,514,5
Rouadian,513,5
ImLyme,512,5
AzOMatic,512,5
Avologi,508,5
yolio,504,5
Milkychanpop,502,5
MiniMaestro,499,4
SpeedyChillz,498,4
magooracer,496,4
Chip1O1,496,4
thomblue,495,4
LandonLegends,494,4
Catblaster_pro,485,4
fanojuyg,484,4
Ashpent,481,4
VaultMechs257,480,4
HoodieDuck_,477,4
Syhphr,476,4
AmazingAl614,474,4
d1spatch,470,4
_Billion,467,4
ImNotTechnoblade,466,4
RyanIsHere101,465,4
Unacceptableness,462,4
rxsesanddiamonds,460,4
IlyBird,460,4
Orange364,459,4
itzmeSZ,458,4
PimoWernet,458,4
kewll,458,4
RatkingGaming,456,4
Yasamas,455,4
VelvetAshes,455,4
AvgWhipEnjoyer,445,4
Adztel,441,4
dunkinlmao,440,4
brhh,440,4
Hentreeb,438,4
w_nter,437,4
Zaridus,436,4
Jaedid,434,4
Marzett_,433,4
slals,433,4
cloudyallie,431,4
Sackred,429,4
AshleyyRose,427,4
olivehoodies,427,4
JJN215356,426,4
TBalpha22,423,4
oWexx,420,4
Sconny22,419,4
Kbelik,419,4
Derf489,418,4
meta64,418,4
CookieDohhh,416,4
Cyogenic,415,4
Miifin,415,4
Sandwich990,413,4
Harold2208,413,4
Clovish,411,4
Quackzyy,409,4
KnifeStabber,408,4
orangeaxo,407,4
FawnAardvark,405,4
DANTCE,405,4
allangamer005,404,4
Stwffy,404,4
aquabee_,403,4
TurtleOnMC,403,4
Remydow,400,4
TheAquaPho3n1x,399,3
BestJolteon,398,3
proximity_D,396,3
Linnc,395,3
Waflarter,394,3
Etvde,394,3
Riftkey,393,3
StarTomcat,391,3
MrDannyYT,390,3
quizky_,389,3
OThunderie,389,3
BeachMC_,386,3
FelixBS,381,3
charzardv2,381,3
McEd8,380,3
Voom9,380,3
Stulk_,380,3
Marinos353,380,3
Tigerthen00b,380,3
Revolverz,379,3
Quxp,379,3
SparksSpeaks,379,3
TheOrangeBurger,378,3
Argend,377,3
R3dB1t,376,3
Delano_XD,376,3
zDelete,374,3
Sozzying,374,3
Toremood,373,3
Gronakillen,373,3
TheHiddenVoid,370,3
HorridDreams,370,3
Nugdub,369,3
PandaPro_,368,3
ohZenith,365,3
KKamek,365,3
MeanAtoh,364,3
Agent_astor_126,363,3
UwUmerMc,362,3
llyon16,362,3
Pikmin397,362,3
AxuMC,361,3
Glowhead123,361,3
sam_OwO,359,3
Bxgfoot,358,3
Ganecks,358,3
SH4D0W_69,357,3
Kup1995,356,3
_MysticSoul_,354,3
Pyzax,353,3
Knight_Bread,349,3
sapus,349,3
WeaselPog,347,3
MinecraftSkulk,346,3
MysticGalaxy_,346,3
s4va,343,3
scalse,343,3
Typhoom,339,3
Illegal_Somethin,339,3
PopcornVader21,338,3
GarlicBr3dza_,337,3
Beaglez,336,3
xFrosties,331,3
MsEvans,330,3
Cryptzz_,329,3
KevinWhoO,329,3
ryu285,326,3
TpotFr,325,3
Jenju15,321,3
MrNgHc,321,3
DJHusky21,320,3
EPrinceE,319,3
MattTFS,318,3
J4yB33,316,3
ItzFrxstyXD,314,3
koarins,313,3
TheCyanFire,313,3
KingBlackstone,313,3
ffruitberries,312,3
Experence,310,3
Signitically,309,3
ChazarusDre,309,3
zMatz,307,3
DaniVersy,305,3
ItzTaniel3311,304,3
SkeppysStepBro,304,3
Shuffle_mc,304,3
RobloxDoorsFan,300,3
TheRebooted9520,300,3
LGBTQI,299,2
IProLiam_,298,2
VirtualDragonn,298,2
GeorgeDripington,298,2
Arcticsime,296,2
CyberZeta,296,2
Bacondogs7,295,2
SwayOT,293,2
Slqepy,292,2
axob,292,2
Stumberr,291,2
SethKingOfRats,290,2
TheAwesomeDonYT,288,2
Deadvid,286,2
Shotgun5000,283,2
MicsQuad,282,2
SuitSnap,279,2
GodzillaDragon,278,2
HenToPen,276,2
Pedrinhocas,273,2
Gavidoodles,273,2
snakeboxed,273,2
lqour,272,2
EventHowTo4,272,2
Lizzie543,272,2
Sbloosh,270,2
aroouys,268,2
ZazzBall,268,2
JustCamXD,267,2
NotAreo,266,2
UltimateMorot,265,2
eklyst,264,2
manglefowalife,263,2
TRIPLEAP,263,2
Binransom,262,2
Bow_Combo,261,2
Embrynn,261,2
jaydos2022,259,2
LulaTheDog,259,2
its_Kajuju,259,2
__SkyZ,258,2
fruitherries,258,2
proxing_33,257,2
wKyro,256,2
Delisearoo182,254,2
sleektg,254,2
ColeRoll,253,2
Hashtagie_,253,2
Mokezi,252,2
TheNerdMC,251,2
SukoruXD,250,2
ImTwiggy,250,2
ivyallie,250,2
maybemau,250,2
Don_The_4th,249,2
Nightset79,248,2
Pawrito,248,2
Stampz_,245,2
Caracql,244,2
unleashed7863,243,2
Syverious,243,2
keelan1949,243,2
S0UPAS,242,2
LiterallyJynx,241,2
Ambatubelow,241,2
Mxyah,241,2
Firpo1,241,2
Btan57,240,2
NotCampfire,240,2
Owenish,239,2
Ambatubuzz,238,2
Kade_1O1,237,2
pakeypoo,236,2
Xanyu,235,2
JSharps7,235,2
Grimnit,235,2
destroyer_KD,235,2
derpyKam,231,2
AC3_ofthespades,231,2
jimijamajimbo,230,2
Grajkowik,230,2
ItsCubet,230,2
emmaobviously,228,2
fih0e,228,2
DeltaRGD,225,2
Prism_DAR,225,2
Ollie_World,224,2
NeebwinMakua,223,2
HeyBaileyy,223,2
7Zeph,222,2
xq0t,221,2
topdeck,221,2
BlossomingIce,221,2
Rift115,221,2
Zetrro,221,2
Atluem,220,2
heliiophile,219,2
wistry,218,2
MrCombat,217,2
Kingscorcher,217,2
oHealth,217,2
T0blerone_2,216,2
wubblies,216,2
TheClockHerself,215,2
brokieh,215,2
DqubleV,213,2
ELJASO,212,2
frvitberries,212,2
Voids_End,212,2
FretB0tMon,211,2
wavvvvvvy,211,2
_Trillion,210,2
mrtaco7,210,2
tabbed_,209,2
Ford_Family,207,2
nuggetmaster25,207,2
Flow__,207,2
SamsSquatch,206,2
CarrotCakeMan,205,2
Lluis__,205,2
StezeyMC,204,2
TKDragon75,203,2
Limecicle,203,2
Slayzel,203,2
ShakyBTW,201,2
Kirito_rr,201,2
0MN1G0D,201,2
Sindre_smurf,201,2
kwibu,201,2
sydowen,200,2
_Skyth,200,2
PraisePo,200,2
Claps999_,198,1
FlipaKid,198,1
Coffee_Found,197,1
Envoxe,197,1
Glazebrickcheesr,197,1
DeSpeed,196,1
Cakeiou,195,1
ItsTheMeta,194,1
Choppy07,193,1
_0Gamer,193,1
FlashCrimson,192,1
tommy_and_j,192,1
guardianbrine,191,1
anastarawneh,191,1
zTuv,191,1
DisguisedMoaFan3,191,1
ThePinnacles,191,1
_D4k,191,1
AyupImEden,190,1
ShrubTY,189,1
_tiw,189,1
Mr__Yessir,188,1
LoffyCoral,187,1
catholiccatboy,186,1
FiLiP_hello,186,1
rbxljnP7z3,186,1
SkybattleMunch,186,1
cayceuwu,185,1
Icedragon_Earth,185,1
Gnighty,184,1
Jak0e,184,1
Lunapie20011,184,1
Sn1cy,184,1
bobtheman40,183,1
IsThatDusk,183,1
mads755,182,1
ZweitheJ3ff,182,1
Atl4z,180,1
K4VANAGH,180,1
GeneralSheep_,180,1
DiamondWolf31,179,1
Tundryc,179,1
echolyzing,177,1
GabrielLucifer22,177,1
Kakashi_Hogake,177,1
ItsZel,176,1
10cv,176,1
BenLaaCrouton,175,1
Zutto_,175,1
HayleeSP,175,1
hacy_,174,1
_OSR__,174,1
Arctic_foxxyt,173,1
_Nosey_,173,1
TheWolfJ,172,1
DaniMilksops,172,1
qFill,172,1
Mattpizza,172,1
Ach_YT,171,1
Improver_,171,1
PTDestroyers,170,1
Raviolii,169,1
Qbur,169,1
Pinguinnn,169,1
FroggyDoesStuf,169,1
DancingGollum,168,1
ourange,168,1
711Fun,168,1
ILoveBucaca,167,1
Multipleuser,167,1
HighlandCow21,165,1
Spongedog,164,1
NinjaMemp,163,1
Nightmarine,163,1
_MR_Glitch,162,1
MudManSon,162,1
MudkipBoi14,161,1
BroWoh,161,1
Ruderrr,161,1
___Mocha,161,1
snodmystaahh,160,1
willywarrior69,160,1
Vallows,160,1
Alaric4,160,1
CreamyCrumble,160,1
_hawaiiian_punch,159,1
Satamis,158,1
VNLB,157,1
APurplePenguin_,157,1
75kweezy,156,1
L1medd,156,1
BigDadFrog,155,1
MarzSpeedWalk,155,1
ItsSolidarity,155,1
AnnaTide,155,1
RealIsFake,155,1
Tupajus,155,1
DerpyChoco,155,1
TheSolarMCYT,154,1
1616161660,154,1
HiVoid,153,1
Cross237,153,1
RNGbooga,152,1
hbub,151,1
ceilozzz,150,1
ThatGirlieSky,150,1
Banned2005,150,1
yossiya,150,1
RicoPlayz__,150,1
Polinius,150,1
nubdoga,149,1
Substantialstick,149,1
YoshiBerger,148,1
PokeKidMax,148,1
7Fun,148,1
ResearchLive,148,1
Mantif,147,1
IdkaNameS,146,1
FleeBroz3,145,1
HubonBugon,145,1
FlareBurnn,145,1
SuRReNDer99,144,1
OceanTitan,144,1
Zackary123,144,1
PatrickTN_,144,1
00ramen00,143,1
Point_,143,1
Sk8eight,143,1
AiroKun,143,1
Hedrix,143,1
GerwinT_,143,1
alqqx,142,1
straightpain,142,1
MickeydeVos,141,1
Amperatic,141,1
PatrickZ_,141,1
Randomiezr,141,1
Popdop,141,1
Chance16700,140,1
KOY0,139,1
o7q,139,1
Frost_Thorns,139,1
NotFuecoco,139,1
Konzid,138,1
Quolte,137,1
LavaCreeper64,137,1
TimmyBiQueen,136,1
TThunderMC,136,1
panikko,136,1
Aximize,135,1
littleninja117,135,1
FiscalPenny3519,135,1
LightLynx_,135,1
noah26hj,135,1
D44WN,134,1
Lexiblade,133,1
Stormer11,133,1
Teddynot,132,1
phoenixxfires,132,1
checog,132,1
Obsie,132,1
Stvlenn,132,1
arbysMeat,131,1
kispintyi,131,1
oToadlovesmen,131,1
Biera_,131,1
Herceus,131,1
Litl0t,130,1
WittiestBread91,130,1
Poppergamas,130,1
SenseiUnknown_,129,1
Mr_Dylan,127,1
Naterizz,127,1
GoatedFenris,126,1
Gillion,126,1
Amethylst,125,1
Diream,123,1
RiolusFire,123,1
dlf745,122,1
ticoadaooy,122,1
PinchPlayz,121,1
Cowec_,121,1
XA1thos,121,1
Lyk0s,120,1
RetroDucky1,120,1
Parkerjd7,120,1
IceBerrgg,120,1
Bitgabriel101,120,1
TwitchyW,119,1
Ridiculous_Cow,119,1
WhyG_,119,1
Sppiirit,119,1
Skeppy_Amp,118,1
GrippiDab,118,1
IDKWhat78,118,1
W0rth_,118,1
Shadowmast555,117,1
IzzyFloofZ,117,1
Frwzn,117,1
GamingStarr,116,1
Kristianamb,116,1
Gerbunga,116,1
StomaticCow561,115,1
iiGirts,115,1
Meocaoslmfao,114,1
Taycario,113,1
LegitGamer1234,113,1
RickarOO09,112,1
Olivears,112,1
Abdron,112,1
qHusky,112,1
itsKapu,111,1
1Doggo,110,1
Danes_,110,1
ZeebraX_,110,1
DaJamesMayo,109,1
ariol,109,1
Siang_Hai,109,1
DanDemonic,109,1
AntiBiscuit,108,1
SteveCrafter150,108,1
MrLuckyBlockMod,108,1
GoodAtEverything,108,1
mayitoahh,108,1
jokih222,108,1
Jinimoo,108,1
Gebtle,108,1
crazeywazey,107,1
WheezyMoss,107,1
Onborne_,105,1
rdklol,105,1
bat_98,105,1
SentientChair66,104,1
LocalDust,104,1
MizuBoni,104,1
ItsWolf,104,1
DarkerPaniel,104,1
SPOGEBOO,103,1
MudKryp,103,1
its_Kalu,102,1
ShanyPlus,102,1
Oil08,101,1
MrJTrain,101,1
RocketPlays5,101,1
Kiyola,101,1
_rafx,100,1
PrabsSSP,99,0
Piffin380,99,0
viktorboi09,99,0
Unripened,99,0
Luygy_,99,0
NickSF_,98,0
Protatt,98,0
Communistraccon,98,0
Deliryia,98,0
frogqy,98,0
Codezoom,97,0
ShadowSkull_Void,97,0
ImBetterthenYou2,97,0
jafff000,96,0
ImAYelloGuy,96,0
webzs,96,0
ConnerYT_IQ,96,0
prtsm,96,0
Canspi,96,0
BitSlap,95,0
arctx,95,0
caffiendd,94,0
Laquez_,94,0
origaminapkin,93,0
PookiePJava,93,0
Gazzza101,93,0
Simon99Q,93,0
Rosamoosh,93,0
Rittly,93,0
Oni_Create,93,0
PiercingPanda,93,0
McDonalds_Pizza,92,0
CorruptChimpYT,91,0
MattisMatt2,91,0
D3sguised,91,0
DaeiraDee_,90,0
TheoBerry,90,0
Lkactus,90,0
wbF5,90,0
ItsPebbs,90,0
Batiguess,90,0
Hmmplayz,90,0
Rysoko,89,0
its_Kazu,88,0
D4yMan,88,0
KTGeazy,88,0
kimhoac,87,0
peterGames22kn,87,0
Twility,86,0
uhhhhhhlilbigmac,86,0
CandyDevil98,86,0
sakurassa,85,0
UmerMc,85,0
Audit_Lag,85,0
LimeLlama,85,0
Darknightmantis,85,0
Lounix_Live,84,0
stinkster69,84,0
LemonGarlic133,84,0
Oak_C8,83,0
FireCreeper1015,83,0
ShinobiMelody,83,0
Sk8rmacity,82,0
aashh,82,0
NotARealPerson_,82,0
MidnightSkie,82,0
pnzo,82,0
chewystan,82,0
5park,81,0
Siren_____,81,0
oFreed,81,0
xdColdClaw,81,0
Fyebil,81,0
Personifussy,81,0
BigManOnMyButt,80,0
Splintze,80,0
Bowserpow,79,0
WhoMadeThisAcc,79,0
Chxotic_Max,78,0
DefinitionOfFear,78,0
1tsDxnny,78,0
MysticKoko,78,0
SirPlechito,78,0
PopcornPope,77,0
Vanshu42XD,77,0
thatfairyperson,77,0
Thundergames7,77,0
NotEPrinceE,76,0
DawGamz,76,0
TheNerdSammy,76,0
LunaMC,75,0
MindMyGames,75,0
MR_STAR4,75,0
mvriee,75,0
GreyVibezz,75,0
SpokenRain,75,0
Costifox,75,0
ryryy27_,75,0
OFFSIDE_FLAME,75,0
B0risthebeast,75,0
InsomniacCheese,75,0
Gayolia,74,0
Corpsecar,74,0
Lutraa,73,0
mmilked,73,0
Vampought,73,0
Rapunsolo,73,0
chewypants,72,0
CapatinDanboo,72,0
skioygraal,72,0
_Cicada,72,0
TheCat727,72,0
ShinyOwO,72,0
MrKingCreeper,72,0
polonya,72,0
NedacRegnirag,71,0
LeoBeLying,71,0
Pippsa,71,0
Dossay,71,0
Crungie,70,0
gay45,70,0
Skenz_Flow,70,0
Thunderh3art,70,0
GreenRanger3,69,0
oMxchael,69,0
CasualScreeching,69,0
TheKnor,69,0
xalfaxdd,68,0
zMali899,68,0
YashaStayFly,68,0
VanillaIris,68,0
sw11per,68,0
Mifkl,68,0
goateeman,68,0
Hello26,67,0
Cbop777,67,0
EPICFAIL109,67,0
AlwaysMuddy,67,0
Wizardfrog80,67,0
tidddelno,67,0
berri_z,66,0
z0cK3t,66,0
VioSplat,66,0
tsoukalinho,66,0
NotARealPerson6,66,0
estyestyy,66,0
YellowDragon202,66,0
Envaderam,66,0
KatsunaXYZ,66,0
ManeuverGaming,66,0
7Rinn,66,0
alsokern,66,0
ObvBald,65,0
Finkr,65,0
Chloroplastics,65,0
RightTwiix,65,0
Arhem_0,65,0
dentonboi,65,0
Fritos2,64,0
elitecombate,64,0
TheSonGamers,64,0
Aaronzy,63,0
huvuds,63,0
RandomCrazyGuy,63,0
SmokelessEnd9,63,0
MasterZoneRIP,63,0
MaidWires,63,0
fmosqa,62,0
Corblow,62,0
LordSharkFood,62,0
TheDirtyRowlet,62,0
gavot,61,0
Accendium,60,0
ignBored,60,0
Illunima,60,0
masmarvelous,59,0
SpaceFl1erz,59,0
totheotherside,58,0
JaizenJaz,58,0
Glaciate101EXE,58,0
Koncoction,58,0
_Pretze2,58,0
KingCheezy_,58,0
ignPixels,57,0
MRP853,57,0
gurmythewormy,56,0
Emdicpau,56,0
Splat_er,56,0
Asxalt,56,0
Alpha_BWolfYT,56,0
Disvade,56,0
fifiman1,56,0
RobiBobi212,56,0
Firetouch01,55,0
Lennyboy1506,55,0
charmanderfan15,55,0
Sazo_w,55,0
Thegamingduck_,55,0
TruStos,54,0
Protagonist__,54,0
Kitkatdovey,54,0
Dudep123,54,0
Archeol,54,0
SubT0xic,54,0
divinki,54,0
MrsoupyYT,54,0
KOJX,54,0
LargeTortilla,53,0
WhiteChild69,53,0
Marlokrilo,53,0
XCC49,53,0
PagMan_,53,0
MiniBoru,52,0
GIowz,52,0
KabirIDK,52,0
Obliter8_,52,0
KDplayz98,52,0
Derazzd,52,0
Dishal,52,0
CreepyC,52,0
Fallen_Goddess,51,0
ChicagoShark,51,0
HiImRoseMary,51,0
Jqsoom,51,0
PajamaHead,51,0
bbyeet,51,0
LostInSpace315,51,0
StarTube,51,0
Rafay1931,51,0
ball71,50,0
TaxableMonk,50,0
Unwierdly,50,0
_donkeyrider,49,0
YouRillyDontKnow,49,0
Juanaflippa,49,0
coolkidTash,49,0
Sub24,49,0
ball67,49,0
BeastBaller60,49,0
ItzFall_,49,0
kmaxi,49,0
Gl1tch404_,48,0
LegendsFC15,48,0
BoxINF,48,0
Pe3ep,48,0
Falconu,48,0
Megamaximo16,48,0
BeJosh,48,0
mushroomytka,48,0
ItzDaDutchSheep,47,0
yalex097,47,0
Lukiiy,47,0
TinnyOnWii,47,0
fierce_52,47,0
phiy,47,0
HappyGrimmer,47,0
Blorkee,46,0
Overflow32,46,0
Kayahaa,46,0
LowQualityNicky,46,0
Dantech1,46,0
SuhShine,46,0
xCxffee,46,0
BlyogLordy,45,0
Palmhz,45,0
DBTDerpbox,45,0
PossibilitiesOf,45,0
valersy,44,0
LunarManatee,44,0
mochichannn,44,0
tacoplayz,44,0
sneaky__pete,44,0
Bassdrops,44,0
CasualAgain,44,0
Sevior,44,0
_Ph4n7oM_,44,0
TheSxber,43,0
FattyIsACatty,43,0
SomethingNeon,43,0
LilBabs12345,43,0
Creekchub,43,0
Laxinum,43,0
Mujt,43,0
ControlledAI,43,0
Oh__Whenn,43,0
NotH0tdog,42,0
ImFrostYes,42,0
Pandamark,42,0
Tenuxx,42,0
sunsrr,42,0
OiSpoi,42,0
x_Radiant,42,0
BlckCatCoffee,41,0
opik8,41,0
R3NTL3S9460,41,0
KKota_,41,0
Probsinho,41,0
Shockwave_344,41,0
captainsoot,41,0
lackiedaisical,41,0
MrManzo,41,0
1NKI3,41,0
The_GGoat,41,0
SnitchMC,40,0
rougex15,40,0
Botatoguy,40,0
notfelipebtw,40,0
Divyde_,40,0
egirlivory,40,0
Kongcoolman,40,0
SloppiestSloth,40,0
ItsJohnson,40,0
oSzabi,40,0
lorenzovd_,39,0
Catpotat,39,0
OceanSeaas,39,0
Smarrt,39,0
Super_Noot,39,0
Vinaco,39,0
CaptainYoshiYT,39,0
Iota4,39,0
DustCa1lop,38,0
SoGuy,38,0
Kozelians4ever,38,0
gophy,38,0
axol0tll,38,0
Just_Julia,38,0
Darksenders,38,0
coffeebeeez,38,0
DigiZ,38,0
WiseZoom,38,0
Fwiish,37,0
boxods,37,0
S14Y3R439,37,0
piepanda,37,0
_MARVV,37,0
MonkeCalledMonkz,37,0
Krypt0Gaming,37,0
lucidplum,36,0
Mineloverr,36,0
FairyWren8,36,0
PhillipCraft,35,0
Damijer00,35,0
Yonadge,35,0
_BotMan,35,0
BONZARNO,34,0
PikaiSauce,34,0
ChickenSushii,34,0
6hbz,34,0
sjoekert,34,0
NotPhoton,34,0
Tristage,34,0
Alastor_Darkstar,34,0
Basketbal12,33,0
Nit3s,33,0
Caz_69,33,0
crypysimona25,33,0
SoLillmatiC,33,0
Lugeweeges2,33,0
Sun1ess,33,0
Liver_,33,0
SamuelMax123,32,0
CraftisMineHun,32,0
CrafterKid307,32,0
1oseph,32,0
Amurinke,32,0
FORGOTLOL,32,0
Wolverock,32,0
Zebzub,32,0
Mega_Max4325,32,0
Pupx_,31,0
CubeySky1,31,0
Orlandillo,31,0
SoupInACan,31,0
Taco1ord,31,0
Cwoude,31,0
Crumpts,31,0
Snavage,31,0
Xiler40k,31,0
SymmetryXZ,31,0
istotalysans,31,0
DaDestr0,31,0
Unknown6041,30,0
Wamblyy,30,0
Jasimoa,30,0
DoubleCounter,30,0
Kamflame,30,0
manduhplease,30,0
Envux,30,0
Kelinz,30,0
caydean,30,0
starsfell_,30,0
Alzemski,29,0
ilycoolve,29,0
Colby_Jaxon,29,0
Luffy_43,29,0
sweatyuwu,29,0
Maxboi_Playz,29,0
DJ_Pingu1,29,0
mcffin,28,0
AsteroidOwl4565,28,0
Clickbaitzz,28,0
ayruuu,28,0
bOil3ra,28,0
iKrazo,28,0
SheepyThePro,28,0
SlasherTheFox,28,0
Beavery,27,0
MattySPr3d,27,0
HargHurp,27,0
VapingChai,27,0
DinoDayz,27,0
ZeeTBK,27,0
JvHumphrey11,27,0
air2rz,27,0
ProestOfbot,27,0
aspenzz__,27,0
Gamer_Verse,27,0
Andy_Candy_Coffe,27,0
NotToxk,27,0
pyraismid,27,0
colegast,27,0
70luna,27,0
MadSad1122,27,0
_hype26,27,0
KindaCoolNGL,26,0
SDN4,26,0
qtkal,26,0
SidewaysSlabs,26,0
Gamerguld,26,0
nootification,26,0
CowboyKermit1,26,0
TechNix07,26,0
Prelvde,26,0
happyfroggy1212,26,0
RedFlamingFury,25,0
Coumarine_,25,0
imblack46,25,0
Durtel,25,0
_ToBeDetermined_,25,0
ILYOUrttf,25,0
Jediboy99,25,0
ShadowJCS,25,0
Axl33,25,0
AmazingGames763,25,0
Kymerix,25,0
BrodyWolfy,24,0
TheMCCGuy,24,0
KingStipan,24,0
OPL_Incarnate,24,0
UltimateGames78,24,0
Willdaboss,24,0
Rayvxn,24,0
watarenoodles,24,0
Pengu0,23,0
thezombiezapper,23,0
MiniEarth08,23,0
BigDewster,23,0
EJ1_1,23,0
LG1isnotagun,23,0
Blue4k,23,0
5ELFF,22,0
MewBlaster,22,0
SunDisco,22,0
Cedar985,22,0
justdylan8480,22,0
SideBBowser,22,0
TigerMansionYT,22,0
hacyy_,22,0
Godly_MONKEY,22,0
KittyKlub2009,22,0
Mothypoo,22,0
Halfapercent,22,0
EpicGamer32_,22,0
CookChicken,22,0
TheGreatApple06,22,0
Abuildingcat,22,0
Gadders9883,22,0
TimeLimit,22,0
lafless,22,0
vnLoo,22,0
personwithLAG,21,0
_Skitten_,21,0
SaltychipsNsalsa,21,0
KrypticKore,21,0
_BUMMY,21,0
Vortexstar,21,0
LezyYT,21,0
ScorpionV3,21,0
0530smitty,21,0
LeftyLiana25,21,0
Mixiku_,21,0
NUGG1ES,21,0
Pokemaster404,21,0
AgentBOBplaysMC,21,0
UzairCat,20,0
TheClockHimself,20,0
0type,20,0
KatDUndead,20,0
FFella,20,0
Eogt,20,0
Itz_Terranin,20,0
TimurMour,20,0
ItsTheoXd,20,0
qxib,20,0
xPumpk1nx,20,0
GoblinShpirits,20,0
Mizu50,20,0
manwhoo,20,0
Creeper27980,20,0
Al4eib9,19,0
ShadowJetkuro,19,0
Bluewaterme1on,19,0
Dillos,19,0
shortbread1527,19,0
Lizard_Striker,19,0
notluc4s,18,0
HyPerNooB_,18,0
SirTAC,18,0
TheMoltenPhantom,18,0
BuyHaste,18,0
MaxFellOff,18,0
Blo_0,18,0
SourishCandle69,18,0
DaedalusIsBack,18,0
NotEntity,18,0
Fleigh,18,0
Kunbub_Cool,18,0
Indian_Skeppy,17,0
UltimateSlayer7,17,0
madnes__,17,0
TylerTheUnsafe,17,0
PhotonTyphon,17,0
Novaero17,17,0
Yoghurrt,17,0
PigIsVibing,16,0
h2brothers,16,0
DaTriangularEgg,16,0
Shad0wFALCON,16,0
qfps,16,0
Dalkson,16,0
Sk7te,16,0
SoundBy,16,0
MoistyWoisty,16,0
Fire_Phoenix_576,16,0
Mxsfit,15,0
mo_m,15,0
ItzGalaxyGaming,14,0
oStrange,14,0
SamP710,14,0
LukeTheKing3840,14,0
FishStacks,13,0
search1414,13,0
codey_doggo,13,0
stevesbfff,13,0
x4hb,13,0
vempireAYO,12,0
hydriel,12,0
emmabelles,12,0
SubtoMumbo,11,0
AynHall,11,0
Aidengreen123,11,0
sancomics,11,0
Ka1b23i,11,0
RelitoPlaysCg,10,0
faapus,10,0
JuanShow,10,0
sparky_74,10,0
Trusitis,10,0
Buwoo,10,0
PokeKidTrent,9,0
TheSlappyPancake,9,0
FrogWhisperer,9,0
AlicesMalice,9,0
oGav1n,9,0
Sir_Silliness,9,0
BlueKnight9690,9,0
T1mokki,9,0
kayokat,9,0
qKr0g,8,0
wyldevin,8,0
Gman12910,8,0
AllieLy,8,0
ActualVoid,8,0
Hypcronite,8,0
voab,8,0
F1R5,8,0
Endnyes,8,0
Memes_Funni,8,0
ShadowTomMC,7,0
DarkMojo,7,0
BippiDab,7,0
AaranGeorge1234,6,0
Glosm,6,0
IronPrime_YT,6,0
ThatDarkPhoenix,6,0
Lazer3950,6,0
_va_Nila,6,0
Adira69,6,0
McHunt132,6,0
dwas_bad,5,0
alexdestroyer2k,5,0
TheVoidPT_,5,0
OrangeKnight235,5,0
Vpekka,5,0
zGio,5,0
LuckyAlfred,5,0
madivi,5,0
ShadowWolf779,5,0
DinoMonkey3619,5,0
NightRises,5,0
AvaSeesGhosts,5,0
animalcracker356,5,0
IIOzulII_,5,0
SpaceHornet,5,0
58Dragon7,5,0
TheIgnitedGamer,5,0
RRFalconPrime,5,0
RedKitsDad,5,0
Akoumora,5,0
Sketchpapers,5,0
AstroWasTaken2,5,0
Bergman1234,5,0
Shrmie,5,0
HazelDeer,5,0
TechnoFaker,5,0
AquaDragon360,5,0
Vampy_2,5,0
Kylo757p7,5,0
PluckyTomato9,5,0
AustinGreeks,5,0
IPhoneloverXD,5,0
PointyYT,4,0
NotCM,4,0
BlazeRox555,4,0
Calico_OS,4,0
Blockpig200,4,0
Exzytion,4,0
DankCat592,4,0
_Sinister69,4,0
Ind3,3,0
_NotMat,3,0
Balrog69,3,0
TTVFinkr,3,0
Masum_Banda,3,0
distr4cted,3,0
BlueIronJM,3,0
AsterTD,3,0
Sadi_200,3,0
Hyphr,3,0
Elephant_1214,3,0
LoveArrow,3,0
Stilluetto,3,0
655_,3,0
Melllow_Cat,3,0
troleador_cara,3,0
Goldenknight_55,3,0
Karmelade,3,0
NoobyNinja1622,3,0
VirtuallyGlace,3,0
TheFloridaMan25,3,0
GZGamers,3,0
Pandoes_,3,0
Susanneeeww,3,0
slowready,3,0
Obama_gaming_mc,3,0
blurj,3,0
Mushroo0_0,3,0
ROttinPunk,2,0
Stalarky,2,0
a_db,2,0
Glaceon30,2,0
dr_kole,2,0
iiBosa,2,0
JustCoalHere,2,0
iGalaxy,2,0
remedyVwV,1,0
__Warning,1,0
ouxn,1,0
Flintd,1,0
vQuinnix,1,0
BONKWASTAKEN2,1,0
Loki_Raptor990,1,0
Forspect,1,0
xxekk_,1,0
aurrav,1,0
C0RNEAL,1,0
jamal_blobito,1,0
Technodog10,1,0
Doozim,1,0
VegeF,1,0
EnvoBest,1,0
DietPranda,1,0
Devilishcorrect,1,0
YTBMythic,1,0
RichCat6490,1,0
BennyGamer7774,1,0
MonstoBusta,1,0
Mello_JKT,1,0
ImNeverVirus,1,0
inft8195,1,0
Swoofzy,1,0
Vinncek,1,0
FruitlessGaming,1,0
BBCbroken,1,0
Qxnten,1,0
Complexii,1,0
MyNameJeff2000,1,0
CygnusGD,0,0
JoseJoeyPeke,0,0
ruspecial,0,0
skywarrior29,0,0
watersclans,0,0
vTraph,0,0
Axew__,0,0
Pixelstories,0,0
boggen_bane,0,0
jackis_herettv,0,0
DetritusEater415,0,0
Hivemxnd,0,0
Brserk,0,0
GreenWildfires,0,0
Grephen,0,0
AirMolecules,0,0
theirbeans_,0,0
YelloDragonYT,0,0
Kiany2007,0,0
Godisgood19234,0,0
Pexien,0,0
MyreOnline,0,0
ItzTan737,0,0
SomaKwirls,0,0
Flameri,0,0
Aggettivohh,0,0
IamThiemo,0,0
Miksminetud,0,0
MrMidni6ht,0,0
DownShot,0,0
Eg0maniaYT,0,0
klaythomasonjr,0,0
_15mil_,0,0
TechnobladeChan,0,0
Beastatic,0,0
NAHHW,0,0
DamirTrain,0,0
_duckyyyyyy_,0,0
GrailknightMonty,0,0
blyzrd,0,0
BatmanXD123,0,0
MrEnderlok1,0,0
MagicMist2983,0,0
Z01NK5,0,0
PinkPanthresss,0,0
Toremoood,0,0
K0WTA,0,0
LucyPlaysGames,0,0
Tagli,0,0
FuzzleWuzzles,0,0
javasocket,0,0
SkylarKingston,0,0
yuvri,0,0
ShadyGravy,0,0
Sayble,0,0
CH4RM3R_,0,0
TSM_Fire,0,0
MIT_MUD,0,0
PatMonster101,0,0
jc_th3k1ng,0,0
BadensKitten,0,0
SwordPvP11,0,0
happtCHAD,0,0
SirChefo,0,0
TwoByOne,0,0
acwait,0,0
axobsister,0,0
Xinert,0,0
SnorlaxQ5,0,0
RxnanL,0,0
Marcain,0,0
NightmarepiLover,0,0
17windows,0,0
DelucaDay,0,0
Darkalixer,0,0
SuperCnm307,0,0
AntiFurry,0,0
L0stare_,0,0
NOTsleektg,0,0
Egoist42,0,0
JustVCT,0,0
Droidsareut,0,0
Bumblez07,0,0
Adonis2,0,0
Przemekzuraw,0,0
GodRoly,0,0
LeEpicLuke,0,0
LilyRosee_,0,0
AV8O,0,0
PowerRubik,0,0
Handsito,0,0
AdonMrPika,0,0
TwistedKaiser,0,0
SuperS58,0,0
ceesyk74,0,0
Templqr,0,0
JaiMaster006,0,0
GranulatedGarlic,0,0
Sky2516,0,0
Mzdel,0,0
MisterPiston,0,0
robbeff,0,0
Aieurn,0,0
Epicified,0,0
schwar,0,0
Giantslimer,0,0
ItsBlackGear,0,0
Crowneck,0,0
RealJohnCarlos,0,0
CoolBoyGoransh,0,0
enderbrine,0,0
Trombi_,0,0
shammyo921,0,0
PowerGamingOG,0,0
_ItzWavez,0,0
Moussecolm,0,0
CapsuleVoyage,0,0
flowertrixie,0,0
FunAverage57,0,0
DjuroDark,0,0
PenguinWasHere_,0,0
Cedricoflatch,0,0
Krebber,0,0
Rohan2202,0,0
CalditoAlwaysBck,0,0
Makena2,0,0
SuperSquad33,0,0
CyanConcrete,0,0
ItsXay,0,0
cammypuds,0,0
Ninja_Baguette,0,0
Kikiyasha,0,0
KNWEK,0,0
pandabambooman2,0,0
Jessub,0,0
LaTwizzy,0,0
Chapter_,0,0
wafflesr,0,0
kressere,0,0
ReallyOliver,0,0
SinnohEmrit,0,0
obama_gaming_132,0,0
Limboll,0,0
DefaultTem,0,0
KKalebb,0,0
Bloomdoll,0,0
nwrp,0,0
GerretLerret,0,0
DirectorManhunt,0,0
TournyCello,0,0
SweetRose235,0,0
GamingWithMaxJ,0,0
Applecake_,0,0
